row_num,nospace,hate_speech,offensive_language,count_words,total_rating,hate_out_tot,offense_out_tot,count_perc,log_count,pos_log
0,anal,3,30,10,33,0.09090909090909091,0.9090909090909091,0.000896780557797507,-7.016699365971316,7.016699365971316
1,anus,0,15,4,15,0.0,1.0,0.0003587122231190028,-7.9329900978454715,7.9329900978454715
2,apeshit,0,0,0,0,,,0.0,-inf,inf
3,ass,793,5362,1923,6155,0.12883834281072298,0.871161657189277,0.17245090126446058,-1.7576427133765822,1.7576427133765822
4,asshole,29,110,44,139,0.20863309352517986,0.7913669064748201,0.003945834454309031,-5.535094825047101,5.535094825047101
5,bangbus,0,0,0,0,,,0.0,-inf,inf
6,bastard,11,13,8,24,0.4583333333333333,0.5416666666666666,0.0007174244462380056,-7.239842917285526,7.239842917285526
7,bbw,0,3,1,3,0.0,1.0,8.96780557797507e-05,-9.319284458965361,9.319284458965361
8,bdsm,0,0,0,0,,,0.0,-inf,inf
9,beaner,42,34,28,76,0.5526315789473685,0.4473684210526316,0.0025109855618330196,-5.987079948790158,5.987079948790158
10,beaners,14,13,10,27,0.5185185185185185,0.48148148148148145,0.000896780557797507,-7.016699365971316,7.016699365971316
11,bimbos,0,0,0,0,,,0.0,-inf,inf
12,bitch,2023,32501,10651,34524,0.05859691808596918,0.9414030819140308,0.9551609721101246,-0.04587539552219615,0.04587539552219615
13,bitches,527,8940,2921,9467,0.05566705397697264,0.9443329460230273,0.2619496009326518,-1.3396031565776207,1.3396031565776207
14,blowjob,0,0,0,0,,,0.0,-inf,inf
15,bondage,0,0,0,0,,,0.0,-inf,inf
16,boner,0,12,4,12,0.0,1.0,0.0003587122231190028,-7.9329900978454715,7.9329900978454715
17,boob,4,55,17,59,0.06779661016949153,0.9322033898305084,0.001524526948255762,-6.486071114909146,6.486071114909146
18,boobs,3,38,11,41,0.07317073170731707,0.926829268292683,0.0009864586135772577,-6.921389186166992,6.921389186166992
19,bukkake,0,0,0,0,,,0.0,-inf,inf
20,busty,0,0,0,0,,,0.0,-inf,inf
21,butt,27,173,63,200,0.135,0.865,0.005649717514124294,-5.176149732573829,5.176149732573829
22,camgirl,0,0,0,0,,,0.0,-inf,inf
23,camslut,0,0,0,0,,,0.0,-inf,inf
24,cialis,1,2,1,3,0.3333333333333333,0.6666666666666666,8.96780557797507e-05,-9.319284458965361,9.319284458965361
25,clit,1,11,4,12,0.08333333333333333,0.9166666666666666,0.0003587122231190028,-7.9329900978454715,7.9329900978454715
26,cock,20,132,48,152,0.13157894736842105,0.868421052631579,0.004304546677428033,-5.448083448057471,5.448083448057471
27,cocks,4,20,8,24,0.16666666666666666,0.8333333333333334,0.0007174244462380056,-7.239842917285526,7.239842917285526
28,coon,91,92,62,183,0.4972677595628415,0.5027322404371585,0.005560039458344543,-5.192150073920271,5.192150073920271
29,coons,37,26,21,63,0.5873015873015873,0.4126984126984127,0.0018832391713747645,-6.274762021241939,6.274762021241939
30,cum,13,139,50,152,0.08552631578947369,0.9144736842105263,0.004483902788987535,-5.407261453537216,5.407261453537216
31,cumming,0,9,3,9,0.0,1.0,0.0002690341673392521,-8.220672170297252,8.220672170297252
32,cumshot,0,3,1,3,0.0,1.0,8.96780557797507e-05,-9.319284458965361,9.319284458965361
33,cunt,152,723,276,875,0.1737142857142857,0.8262857142857143,0.024751143395211193,-3.698883593248212,3.698883593248212
34,darkie,9,8,6,17,0.5294117647058824,0.47058823529411764,0.0005380683346785041,-7.527524989737307,7.527524989737307
35,dick,103,1013,347,1116,0.09229390681003584,0.9077060931899642,0.03111828535557349,-3.4699596790185026,3.4699596790185026
36,dildo,1,17,6,18,0.05555555555555555,0.9444444444444444,0.0005380683346785041,-7.527524989737307,7.527524989737307
37,dolcett,0,0,0,0,,,0.0,-inf,inf
38,dommes,0,0,0,0,,,0.0,-inf,inf
39,dvda,0,0,0,0,,,0.0,-inf,inf
40,ecchi,0,0,0,0,,,0.0,-inf,inf
41,erotic,0,0,0,0,,,0.0,-inf,inf
42,erotism,0,0,0,0,,,0.0,-inf,inf
43,escort,1,14,4,15,0.06666666666666667,0.9333333333333333,0.0003587122231190028,-7.9329900978454715,7.9329900978454715
44,eunuch,0,0,0,0,,,0.0,-inf,inf
45,fag,1116,1417,820,2533,0.4405842874062377,0.5594157125937623,0.07353600573939557,-2.609980118707063,2.609980118707063
46,faggot,767,881,533,1648,0.4654126213592233,0.5345873786407767,0.04779840373060712,-3.040763034799517,3.040763034799517
47,fecal,0,0,0,0,,,0.0,-inf,inf
48,felch,0,0,0,0,,,0.0,-inf,inf
49,feltch,0,0,0,0,,,0.0,-inf,inf
50,femdom,0,0,0,0,,,0.0,-inf,inf
51,figging,0,0,0,0,,,0.0,-inf,inf
52,fisting,0,3,1,3,0.0,1.0,8.96780557797507e-05,-9.319284458965361,9.319284458965361
53,footjob,0,0,0,0,,,0.0,-inf,inf
54,fuck,919,5904,2126,6823,0.13469148468415654,0.8653085153158435,0.19065554658774997,-1.6572869000634687,1.6572869000634687
55,fuckin,418,2156,809,2574,0.1623931623931624,0.8376068376068376,0.0725495471258183,-2.62348554190687,2.62348554190687
56,fucking,312,1483,570,1795,0.17381615598885794,0.8261838440111421,0.051116491794457895,-2.973648098136766,2.973648098136766
57,gaysex,0,0,0,0,,,0.0,-inf,inf
58,girlon,0,0,0,0,,,0.0,-inf,inf
59,goatcx,0,0,0,0,,,0.0,-inf,inf
60,goatse,0,0,0,0,,,0.0,-inf,inf
61,gokkun,0,0,0,0,,,0.0,-inf,inf
62,grope,0,0,0,0,,,0.0,-inf,inf
63,guro,0,0,0,0,,,0.0,-inf,inf
64,handjob,0,3,1,3,0.0,1.0,8.96780557797507e-05,-9.319284458965361,9.319284458965361
65,hentai,3,3,2,6,0.5,0.5,0.0001793561115595014,-8.626137278405416,8.626137278405416
66,honkey,12,18,10,30,0.4,0.6,0.000896780557797507,-7.016699365971316,7.016699365971316
67,hooker,3,17,7,20,0.15,0.85,0.0006277463904582549,-7.373374309910049,7.373374309910049
68,horny,1,39,13,40,0.025,0.975,0.001165814725136759,-6.754335101503825,6.754335101503825
69,humping,0,3,1,3,0.0,1.0,8.96780557797507e-05,-9.319284458965361,9.319284458965361
70,incest,0,3,1,3,0.0,1.0,8.96780557797507e-05,-9.319284458965361,9.319284458965361
71,jigaboo,4,2,2,6,0.6666666666666666,0.3333333333333333,0.0001793561115595014,-8.626137278405416,8.626137278405416
72,jizz,0,6,2,6,0.0,1.0,0.0001793561115595014,-8.626137278405416,8.626137278405416
73,juggs,0,0,0,0,,,0.0,-inf,inf
74,kike,13,8,7,21,0.6190476190476191,0.38095238095238093,0.0006277463904582549,-7.373374309910049,7.373374309910049
75,kinbaku,0,0,0,0,,,0.0,-inf,inf
76,kinky,1,14,5,15,0.06666666666666667,0.9333333333333333,0.0004483902788987535,-7.709846546531262,7.709846546531262
77,livesex,0,0,0,0,,,0.0,-inf,inf
78,lolita,0,0,0,0,,,0.0,-inf,inf
79,milf,2,7,3,9,0.2222222222222222,0.7777777777777778,0.0002690341673392521,-8.220672170297252,8.220672170297252
80,mong,11,7,6,18,0.6111111111111112,0.3888888888888889,0.0005380683346785041,-7.527524989737307,7.527524989737307
81,nambla,0,0,0,0,,,0.0,-inf,inf
82,nawashi,0,0,0,0,,,0.0,-inf,inf
83,negro,38,105,46,143,0.26573426573426573,0.7342657342657343,0.004125190565868532,-5.490643062476267,5.490643062476267
84,neonazi,0,0,0,0,,,0.0,-inf,inf
85,nigga,1235,5177,1931,6412,0.19260761072988147,0.8073923892701186,0.1731683257106986,-1.7534911765368473,1.7534911765368473
86,nigger,486,468,313,954,0.5094339622641509,0.49056603773584906,0.02806923145906197,-3.5730812684252085,3.5730812684252085
87,nignog,0,0,0,0,,,0.0,-inf,inf
88,nipple,2,53,17,55,0.03636363636363636,0.9636363636363636,0.001524526948255762,-6.486071114909146,6.486071114909146
89,nipples,2,29,9,31,0.06451612903225806,0.9354838709677419,0.0008071025020177562,-7.122059881629142,7.122059881629142
90,nsfw,0,0,0,0,,,0.0,-inf,inf
91,nude,10,112,41,122,0.08196721311475409,0.9180327868852459,0.0036768002869697787,-5.605712392261054,5.605712392261054
92,nudity,0,0,0,0,,,0.0,-inf,inf
93,nutten,0,0,0,0,,,0.0,-inf,inf
94,nympho,0,0,0,0,,,0.0,-inf,inf
95,orgasm,0,2,1,2,0.0,1.0,8.96780557797507e-05,-9.319284458965361,9.319284458965361
96,orgy,0,0,0,0,,,0.0,-inf,inf
97,paki,0,0,0,0,,,0.0,-inf,inf
98,panties,1,70,22,71,0.014084507042253521,0.9859154929577465,0.0019729172271545155,-6.228242005607046,6.228242005607046
99,panty,0,3,1,3,0.0,1.0,8.96780557797507e-05,-9.319284458965361,9.319284458965361
100,pegging,0,0,0,0,,,0.0,-inf,inf
101,penis,4,48,17,52,0.07692307692307693,0.9230769230769231,0.001524526948255762,-6.486071114909146,6.486071114909146
102,pikey,0,0,0,0,,,0.0,-inf,inf
103,pissing,1,14,5,15,0.06666666666666667,0.9333333333333333,0.0004483902788987535,-7.709846546531262,7.709846546531262
104,pisspig,0,0,0,0,,,0.0,-inf,inf
105,playboy,0,0,0,0,,,0.0,-inf,inf
106,poof,0,0,0,0,,,0.0,-inf,inf
107,poon,1,8,3,9,0.1111111111111111,0.8888888888888888,0.0002690341673392521,-8.220672170297252,8.220672170297252
108,punany,0,0,0,0,,,0.0,-inf,inf
109,porn,11,204,72,215,0.05116279069767442,0.9488372093023256,0.00645682001614205,-5.042618339949307,5.042618339949307
110,porno,2,10,4,12,0.16666666666666666,0.8333333333333334,0.0003587122231190028,-7.9329900978454715,7.9329900978454715
111,pthc,0,0,0,0,,,0.0,-inf,inf
112,pubes,0,0,0,0,,,0.0,-inf,inf
113,pussy,359,6180,2060,6539,0.05490136106438293,0.9450986389356171,0.18473679490628644,-1.688823197181735,1.688823197181735
114,queaf,0,0,0,0,,,0.0,-inf,inf
115,queef,0,3,1,3,0.0,1.0,8.96780557797507e-05,-9.319284458965361,9.319284458965361
116,quim,0,0,0,0,,,0.0,-inf,inf
117,raghead,5,2,3,7,0.7142857142857143,0.2857142857142857,0.0002690341673392521,-8.220672170297252,8.220672170297252
118,rape,25,85,34,110,0.22727272727272727,0.7727272727272727,0.003049053896511524,-5.792923934349201,5.792923934349201
119,raping,6,9,5,15,0.4,0.6,0.0004483902788987535,-7.709846546531262,7.709846546531262
120,rapist,5,7,4,12,0.4166666666666667,0.5833333333333334,0.0003587122231190028,-7.9329900978454715,7.9329900978454715
121,rectum,1,2,1,3,0.3333333333333333,0.6666666666666666,8.96780557797507e-05,-9.319284458965361,9.319284458965361
122,rimjob,0,0,0,0,,,0.0,-inf,inf
123,rimming,0,0,0,0,,,0.0,-inf,inf
124,sadism,0,0,0,0,,,0.0,-inf,inf
125,scat,0,6,2,6,0.0,1.0,0.0001793561115595014,-8.626137278405416,8.626137278405416
126,schlong,0,0,0,0,,,0.0,-inf,inf
127,semen,5,28,10,33,0.15151515151515152,0.8484848484848485,0.000896780557797507,-7.016699365971316,7.016699365971316
128,sex,48,638,225,686,0.06997084548104957,0.9300291545189504,0.020177562550443905,-3.9031840567609417,3.9031840567609417
129,sexcam,0,0,0,0,,,0.0,-inf,inf
130,sexo,0,0,0,0,,,0.0,-inf,inf
131,sexy,8,118,40,126,0.06349206349206349,0.9365079365079365,0.003587122231190028,-5.630405004851426,5.630405004851426
132,sexual,13,47,21,60,0.21666666666666667,0.7833333333333333,0.0018832391713747645,-6.274762021241939,6.274762021241939
133,shemale,0,0,0,0,,,0.0,-inf,inf
134,shibari,0,0,0,0,,,0.0,-inf,inf
135,shit,370,3726,1282,4096,0.09033203125,0.90966796875,0.1149672675096404,-2.1631078214847466,2.1631078214847466
136,shitty,12,62,26,74,0.16216216216216217,0.8378378378378378,0.002331629450273518,-6.06118792094388,6.06118792094388
137,shota,0,0,0,0,,,0.0,-inf,inf
138,skeet,0,3,1,3,0.0,1.0,8.96780557797507e-05,-9.319284458965361,9.319284458965361
139,slut,25,204,69,229,0.1091703056768559,0.8908296943231441,0.006187785848802798,-5.085177954368103,5.085177954368103
140,smut,0,6,2,6,0.0,1.0,0.0001793561115595014,-8.626137278405416,8.626137278405416
141,snatch,0,21,7,21,0.0,1.0,0.0006277463904582549,-7.373374309910049,7.373374309910049
142,sodomy,0,0,0,0,,,0.0,-inf,inf
143,spastic,0,0,0,0,,,0.0,-inf,inf
144,spic,43,42,27,85,0.5058823529411764,0.49411764705882355,0.002421307506053269,-6.023447592961032,6.023447592961032
145,splooge,0,0,0,0,,,0.0,-inf,inf
146,spooge,0,0,0,0,,,0.0,-inf,inf
147,spunk,0,3,1,3,0.0,1.0,8.96780557797507e-05,-9.319284458965361,9.319284458965361
148,strapon,0,0,0,0,,,0.0,-inf,inf
149,suck,78,514,185,592,0.13175675675675674,0.8682432432432432,0.016590440319253878,-4.098928633887037,4.098928633887037
150,sucks,9,82,29,91,0.0989010989010989,0.9010989010989011,0.00260066361761277,-5.951988628978888,5.951988628978888
151,swinger,0,8,1,8,0.0,1.0,8.96780557797507e-05,-9.319284458965361,9.319284458965361
152,tiedup,0,0,0,0,,,0.0,-inf,inf
153,tit,40,438,153,478,0.08368200836820083,0.9163179916317992,0.013720742534301856,-4.288846537572926,4.288846537572926
154,tits,7,62,23,69,0.10144927536231885,0.8985507246376812,0.002062595282934266,-6.183790243036213,6.183790243036213
155,titties,7,70,23,77,0.09090909090909091,0.9090909090909091,0.002062595282934266,-6.183790243036213,6.183790243036213
156,titty,6,39,14,45,0.13333333333333333,0.8666666666666667,0.0012554927809165098,-6.680227129350103,6.680227129350103
157,topless,0,3,1,3,0.0,1.0,8.96780557797507e-05,-9.319284458965361,9.319284458965361
158,tosser,0,0,0,0,,,0.0,-inf,inf
159,tranny,25,102,41,127,0.1968503937007874,0.8031496062992126,0.0036768002869697787,-5.605712392261054,5.605712392261054
160,tubgirl,0,0,0,0,,,0.0,-inf,inf
161,tushy,0,0,0,0,,,0.0,-inf,inf
162,twat,10,154,55,164,0.06097560975609756,0.9390243902439024,0.0049322930678862885,-5.311951273732891,5.311951273732891
163,twink,0,15,4,15,0.0,1.0,0.0003587122231190028,-7.9329900978454715,7.9329900978454715
164,twinkie,0,0,0,0,,,0.0,-inf,inf
165,upskirt,0,0,0,0,,,0.0,-inf,inf
166,vagina,3,56,18,59,0.05084745762711865,0.9491525423728814,0.0016142050040355124,-6.428912701069197,6.428912701069197
167,viagra,0,3,1,3,0.0,1.0,8.96780557797507e-05,-9.319284458965361,9.319284458965361
168,voyeur,0,0,0,0,,,0.0,-inf,inf
169,voyuer,0,0,0,0,,,0.0,-inf,inf
170,vulva,0,0,0,0,,,0.0,-inf,inf
171,wank,0,3,1,3,0.0,1.0,8.96780557797507e-05,-9.319284458965361,9.319284458965361
172,wetback,34,17,16,51,0.6666666666666666,0.3333333333333333,0.0014348488924760111,-6.546695736725581,6.546695736725581
173,whore,31,112,46,143,0.21678321678321677,0.7832167832167832,0.004125190565868532,-5.490643062476267,5.490643062476267
174,xx,44,361,133,405,0.10864197530864197,0.891358024691358,0.011927181418706842,-4.428935330743608,4.428935330743608
175,xxx,15,205,74,220,0.06818181818181818,0.9318181818181818,0.006636176127701551,-5.015219365761192,5.015219365761192
176,yaoi,0,0,0,0,,,0.0,-inf,inf
177,yiffy,0,0,0,0,,,0.0,-inf,inf
178,abbo,0,0,0,0,,,0.0,-inf,inf
179,abo,233,2272,807,2505,0.09301397205588822,0.9069860279441118,0.07237019101425882,-2.6259607906954128,2.6259607906954128
180,abuse,3,12,5,15,0.2,0.8,0.0004483902788987535,-7.709846546531262,7.709846546531262
181,addict,1,41,15,42,0.023809523809523808,0.9761904761904762,0.0013451708366962604,-6.611234257863152,6.611234257863152
182,addicts,0,0,0,0,,,0.0,-inf,inf
183,adult,1,21,8,22,0.045454545454545456,0.9545454545454546,0.0007174244462380056,-7.239842917285526,7.239842917285526
184,africa,1,11,4,12,0.08333333333333333,0.9166666666666666,0.0003587122231190028,-7.9329900978454715,7.9329900978454715
185,african,0,9,3,9,0.0,1.0,0.0002690341673392521,-8.220672170297252,8.220672170297252
186,alla,14,93,31,107,0.1308411214953271,0.8691588785046729,0.0027800197291722715,-5.885297254480216,5.885297254480216
187,allah,6,35,10,41,0.14634146341463414,0.8536585365853658,0.000896780557797507,-7.016699365971316,7.016699365971316
188,amateur,0,8,3,8,0.0,1.0,0.0002690341673392521,-8.220672170297252,8.220672170297252
189,analsex,0,0,0,0,,,0.0,-inf,inf
190,angie,1,11,4,12,0.08333333333333333,0.9166666666666666,0.0003587122231190028,-7.9329900978454715,7.9329900978454715
191,angry,5,34,13,39,0.1282051282051282,0.8717948717948718,0.001165814725136759,-6.754335101503825,6.754335101503825
192,arab,3,14,6,17,0.17647058823529413,0.8235294117647058,0.0005380683346785041,-7.527524989737307,7.527524989737307
193,arabs,3,0,1,3,1.0,0.0,8.96780557797507e-05,-9.319284458965361,9.319284458965361
194,areola,0,0,0,0,,,0.0,-inf,inf
195,argie,0,3,1,3,0.0,1.0,8.96780557797507e-05,-9.319284458965361,9.319284458965361
196,aroused,0,0,0,0,,,0.0,-inf,inf
197,arse,12,24,11,36,0.3333333333333333,0.6666666666666666,0.0009864586135772577,-6.921389186166992,6.921389186166992
198,asian,5,31,10,36,0.1388888888888889,0.8611111111111112,0.000896780557797507,-7.016699365971316,7.016699365971316
199,assault,1,4,2,5,0.2,0.8,0.0001793561115595014,-8.626137278405416,8.626137278405416
200,asses,12,85,32,97,0.12371134020618557,0.8762886597938144,0.0028696977849520223,-5.853548556165635,5.853548556165635
201,assfuck,0,0,0,0,,,0.0,-inf,inf
202,asshat,0,8,3,8,0.0,1.0,0.0002690341673392521,-8.220672170297252,8.220672170297252
203,asshore,0,0,0,0,,,0.0,-inf,inf
204,asskiss,0,0,0,0,,,0.0,-inf,inf
205,asslick,0,0,0,0,,,0.0,-inf,inf
206,assman,0,0,0,0,,,0.0,-inf,inf
207,asswipe,0,0,0,0,,,0.0,-inf,inf
208,attack,8,27,12,35,0.22857142857142856,0.7714285714285715,0.0010761366693570083,-6.8343778091773615,6.8343778091773615
209,babe,6,75,26,81,0.07407407407407407,0.9259259259259259,0.002331629450273518,-6.06118792094388,6.06118792094388
210,babies,16,23,14,39,0.41025641025641024,0.5897435897435898,0.0012554927809165098,-6.680227129350103,6.680227129350103
211,badfuck,0,0,0,0,,,0.0,-inf,inf
212,balls,24,81,32,105,0.22857142857142856,0.7714285714285715,0.0028696977849520223,-5.853548556165635,5.853548556165635
213,banging,0,5,2,5,0.0,1.0,0.0001793561115595014,-8.626137278405416,8.626137278405416
214,baptist,0,0,0,0,,,0.0,-inf,inf
215,barf,0,0,0,0,,,0.0,-inf,inf
216,barface,0,0,0,0,,,0.0,-inf,inf
217,bast,11,13,8,24,0.4583333333333333,0.5416666666666666,0.0007174244462380056,-7.239842917285526,7.239842917285526
218,bazooms,0,0,0,0,,,0.0,-inf,inf
219,beast,3,11,5,14,0.21428571428571427,0.7857142857142857,0.0004483902788987535,-7.709846546531262,7.709846546531262
220,beatoff,0,0,0,0,,,0.0,-inf,inf
221,beaver,0,0,0,0,,,0.0,-inf,inf
222,bestial,0,0,0,0,,,0.0,-inf,inf
223,bi,2241,33754,11151,35995,0.06225864703431032,0.9377413529656897,1.0,0.0,0.0
224,biatch,1,5,2,6,0.16666666666666666,0.8333333333333334,0.0001793561115595014,-8.626137278405416,8.626137278405416
225,bible,2,7,3,9,0.2222222222222222,0.7777777777777778,0.0002690341673392521,-8.220672170297252,8.220672170297252
226,bigass,0,3,1,3,0.0,1.0,8.96780557797507e-05,-9.319284458965361,9.319284458965361
227,bigbutt,0,0,0,0,,,0.0,-inf,inf
228,bigger,8,64,25,72,0.1111111111111111,0.8888888888888888,0.0022419513944937674,-6.100408634097161,6.100408634097161
229,bitcher,0,3,1,3,0.0,1.0,8.96780557797507e-05,-9.319284458965361,9.319284458965361
230,bitchez,0,3,1,3,0.0,1.0,8.96780557797507e-05,-9.319284458965361,9.319284458965361
231,bitchin,7,50,19,57,0.12280701754385964,0.8771929824561403,0.0017038830598152632,-6.374845479798921,6.374845479798921
232,bitchy,3,18,7,21,0.14285714285714285,0.8571428571428571,0.0006277463904582549,-7.373374309910049,7.373374309910049
233,biteme,0,0,0,0,,,0.0,-inf,inf
234,black,133,366,165,499,0.2665330661322645,0.7334669338677354,0.014796879203658865,-4.213338985064781,4.213338985064781
235,blacks,15,9,8,24,0.625,0.375,0.0007174244462380056,-7.239842917285526,7.239842917285526
236,blind,5,43,17,48,0.10416666666666667,0.8958333333333334,0.001524526948255762,-6.486071114909146,6.486071114909146
237,blow,14,147,53,161,0.08695652173913043,0.9130434782608695,0.004752936956326787,-5.34899254541324,5.34899254541324
238,boang,0,0,0,0,,,0.0,-inf,inf
239,bogan,0,0,0,0,,,0.0,-inf,inf
240,bohunk,0,0,0,0,,,0.0,-inf,inf
241,bollick,0,0,0,0,,,0.0,-inf,inf
242,bollock,0,0,0,0,,,0.0,-inf,inf
243,bomb,11,90,33,101,0.10891089108910891,0.8910891089108911,0.002959375840731773,-5.822776897498882,5.822776897498882
244,bombers,0,0,0,0,,,0.0,-inf,inf
245,bombing,0,0,0,0,,,0.0,-inf,inf
246,bombs,3,5,3,8,0.375,0.625,0.0002690341673392521,-8.220672170297252,8.220672170297252
247,bomd,0,0,0,0,,,0.0,-inf,inf
248,bong,2,28,10,30,0.06666666666666667,0.9333333333333333,0.000896780557797507,-7.016699365971316,7.016699365971316
249,boobies,1,5,2,6,0.16666666666666666,0.8333333333333334,0.0001793561115595014,-8.626137278405416,8.626137278405416
250,booby,0,3,1,3,0.0,1.0,8.96780557797507e-05,-9.319284458965361,9.319284458965361
251,boody,0,0,0,0,,,0.0,-inf,inf
252,boom,0,15,5,15,0.0,1.0,0.0004483902788987535,-7.709846546531262,7.709846546531262
253,boong,0,0,0,0,,,0.0,-inf,inf
254,boonga,0,0,0,0,,,0.0,-inf,inf
255,boonie,0,0,0,0,,,0.0,-inf,inf
256,booty,13,231,77,244,0.05327868852459016,0.9467213114754098,0.006905210295040804,-4.975479037111678,4.975479037111678
257,bra,49,445,156,494,0.09919028340080972,0.9008097165991903,0.013989776701641109,-4.269428451715825,4.269428451715825
258,brea5t,0,0,0,0,,,0.0,-inf,inf
259,breast,1,19,7,20,0.05,0.95,0.0006277463904582549,-7.373374309910049,7.373374309910049
260,brothel,0,0,0,0,,,0.0,-inf,inf
261,bugger,0,0,0,0,,,0.0,-inf,inf
262,buggery,0,0,0,0,,,0.0,-inf,inf
263,bumfuck,0,0,0,0,,,0.0,-inf,inf
264,bunga,0,0,0,0,,,0.0,-inf,inf
265,buried,0,0,0,0,,,0.0,-inf,inf
266,burn,17,98,37,115,0.14782608695652175,0.8521739130434782,0.0033180880638507756,-5.7083665463211375,5.7083665463211375
267,buttman,0,0,0,0,,,0.0,-inf,inf
268,byatch,0,0,0,0,,,0.0,-inf,inf
269,cacker,0,0,0,0,,,0.0,-inf,inf
270,cancer,7,18,9,25,0.28,0.72,0.0008071025020177562,-7.122059881629142,7.122059881629142
271,carruth,0,0,0,0,,,0.0,-inf,inf
272,chav,10,28,13,38,0.2631578947368421,0.7368421052631579,0.001165814725136759,-6.754335101503825,6.754335101503825
273,chin,101,475,187,576,0.1753472222222222,0.8246527777777778,0.01676979643081338,-4.0881758421107754,4.0881758421107754
274,chinese,0,3,1,3,0.0,1.0,8.96780557797507e-05,-9.319284458965361,9.319284458965361
275,chink,46,29,23,75,0.6133333333333333,0.38666666666666666,0.002062595282934266,-6.183790243036213,6.183790243036213
276,chinky,0,0,0,0,,,0.0,-inf,inf
277,choad,0,0,0,0,,,0.0,-inf,inf
278,chode,0,0,0,0,,,0.0,-inf,inf
279,christ,9,31,14,40,0.225,0.775,0.0012554927809165098,-6.680227129350103,6.680227129350103
280,church,13,27,12,40,0.325,0.675,0.0010761366693570083,-6.8343778091773615,6.8343778091773615
281,cigs,1,5,2,6,0.16666666666666666,0.8333333333333334,0.0001793561115595014,-8.626137278405416,8.626137278405416
282,clogwog,0,0,0,0,,,0.0,-inf,inf
283,cocaine,3,24,9,27,0.1111111111111111,0.8888888888888888,0.0008071025020177562,-7.122059881629142,7.122059881629142
284,cocknob,0,0,0,0,,,0.0,-inf,inf
285,cocky,1,19,5,20,0.05,0.95,0.0004483902788987535,-7.709846546531262,7.709846546531262
286,cohee,0,0,0,0,,,0.0,-inf,inf
287,coitus,0,0,0,0,,,0.0,-inf,inf
288,color,69,182,87,251,0.2749003984063745,0.7250996015936255,0.00780199085283831,-4.853376340310778,4.853376340310778
289,colored,53,126,63,179,0.29608938547486036,0.7039106145251397,0.005649717514124294,-5.176149732573829,5.176149732573829
290,commie,6,19,9,25,0.24,0.76,0.0008071025020177562,-7.122059881629142,7.122059881629142
291,condom,0,21,7,21,0.0,1.0,0.0006277463904582549,-7.373374309910049,7.373374309910049
292,coolie,1,2,1,3,0.3333333333333333,0.6666666666666666,8.96780557797507e-05,-9.319284458965361,9.319284458965361
293,cooly,1,8,3,9,0.1111111111111111,0.8888888888888888,0.0002690341673392521,-8.220672170297252,8.220672170297252
294,coondog,0,0,0,0,,,0.0,-inf,inf
295,cra5h,0,0,0,0,,,0.0,-inf,inf
296,crabs,0,0,0,0,,,0.0,-inf,inf
297,crack,83,179,85,262,0.31679389312977096,0.683206106870229,0.007622634741278809,-4.876633202475046,4.876633202475046
298,crap,1,76,23,77,0.012987012987012988,0.987012987012987,0.002062595282934266,-6.183790243036213,6.183790243036213
299,crapola,0,0,0,0,,,0.0,-inf,inf
300,crapper,0,0,0,0,,,0.0,-inf,inf
301,crappy,0,22,6,22,0.0,1.0,0.0005380683346785041,-7.527524989737307,7.527524989737307
302,crash,2,27,9,29,0.06896551724137931,0.9310344827586207,0.0008071025020177562,-7.122059881629142,7.122059881629142
303,creamy,0,0,0,0,,,0.0,-inf,inf
304,crime,8,17,8,25,0.32,0.68,0.0007174244462380056,-7.239842917285526,7.239842917285526
305,crimes,0,0,0,0,,,0.0,-inf,inf
306,crotch,0,3,1,3,0.0,1.0,8.96780557797507e-05,-9.319284458965361,9.319284458965361
307,cumfest,0,0,0,0,,,0.0,-inf,inf
308,cumm,0,9,3,9,0.0,1.0,0.0002690341673392521,-8.220672170297252,8.220672170297252
309,cummer,0,0,0,0,,,0.0,-inf,inf
310,cumquat,0,0,0,0,,,0.0,-inf,inf
311,cunn,0,0,0,0,,,0.0,-inf,inf
312,cunntt,0,0,0,0,,,0.0,-inf,inf
313,dago,0,3,1,3,0.0,1.0,8.96780557797507e-05,-9.319284458965361,9.319284458965361
314,dahmer,0,0,0,0,,,0.0,-inf,inf
315,dammit,1,11,4,12,0.08333333333333333,0.9166666666666666,0.0003587122231190028,-7.9329900978454715,7.9329900978454715
316,damn,61,725,247,786,0.07760814249363868,0.9223918575063613,0.02215047977759842,-3.809896122337385,3.809896122337385
317,damnit,0,9,3,9,0.0,1.0,0.0002690341673392521,-8.220672170297252,8.220672170297252
318,darky,2,1,1,3,0.6666666666666666,0.3333333333333333,8.96780557797507e-05,-9.319284458965361,9.319284458965361
319,dead,14,173,59,187,0.0748663101604278,0.9251336898395722,0.005291005291005291,-5.241747015059643,5.241747015059643
320,death,18,58,25,76,0.23684210526315788,0.7631578947368421,0.0022419513944937674,-6.100408634097161,6.100408634097161
321,dego,0,0,0,0,,,0.0,-inf,inf
322,demon,3,27,9,30,0.1,0.9,0.0008071025020177562,-7.122059881629142,7.122059881629142
323,deposit,0,0,0,0,,,0.0,-inf,inf
324,desire,0,8,3,8,0.0,1.0,0.0002690341673392521,-8.220672170297252,8.220672170297252
325,destroy,2,19,7,21,0.09523809523809523,0.9047619047619048,0.0006277463904582549,-7.373374309910049,7.373374309910049
326,deth,0,0,0,0,,,0.0,-inf,inf
327,devil,11,45,17,56,0.19642857142857142,0.8035714285714286,0.001524526948255762,-6.486071114909146,6.486071114909146
328,dickman,0,0,0,0,,,0.0,-inf,inf
329,dickwad,0,0,0,0,,,0.0,-inf,inf
330,diddle,0,0,0,0,,,0.0,-inf,inf
331,die,102,690,253,792,0.12878787878787878,0.8712121212121212,0.022688548112276927,-3.7858949702378415,3.7858949702378415
332,died,17,75,31,92,0.18478260869565216,0.8152173913043478,0.0027800197291722715,-5.885297254480216,5.885297254480216
333,dies,19,222,75,241,0.07883817427385892,0.921161825726141,0.006725854183481302,-5.001796345429051,5.001796345429051
334,dike,8,25,10,33,0.24242424242424243,0.7575757575757576,0.000896780557797507,-7.016699365971316,7.016699365971316
335,dink,0,2,1,2,0.0,1.0,8.96780557797507e-05,-9.319284458965361,9.319284458965361
336,dipshit,0,3,1,3,0.0,1.0,8.96780557797507e-05,-9.319284458965361,9.319284458965361
337,dirty,33,170,63,203,0.1625615763546798,0.8374384236453202,0.005649717514124294,-5.176149732573829,5.176149732573829
338,disease,6,12,6,18,0.3333333333333333,0.6666666666666666,0.0005380683346785041,-7.527524989737307,7.527524989737307
339,dive,3,9,3,12,0.25,0.75,0.0002690341673392521,-8.220672170297252,8.220672170297252
340,dix,0,9,3,9,0.0,1.0,0.0002690341673392521,-8.220672170297252,8.220672170297252
341,dong,1,10,4,11,0.09090909090909091,0.9090909090909091,0.0003587122231190028,-7.9329900978454715,7.9329900978454715
342,doodoo,0,0,0,0,,,0.0,-inf,inf
343,doom,0,0,0,0,,,0.0,-inf,inf
344,dope,6,109,36,115,0.05217391304347826,0.9478260869565217,0.003228410008071025,-5.7357655205092515,5.7357655205092515
345,drug,11,142,50,153,0.0718954248366013,0.9281045751633987,0.004483902788987535,-5.407261453537216,5.407261453537216
346,drunk,17,194,66,211,0.08056872037914692,0.919431279620853,0.005918751681463546,-5.129629716938936,5.129629716938936
347,drunken,1,5,2,6,0.16666666666666666,0.8333333333333334,0.0001793561115595014,-8.626137278405416,8.626137278405416
348,dumb,95,685,243,780,0.12179487179487179,0.8782051282051282,0.021791767554479417,-3.8262230156248136,3.8262230156248136
349,dumbass,11,57,22,68,0.16176470588235295,0.8382352941176471,0.0019729172271545155,-6.228242005607046,6.228242005607046
350,dyefly,0,0,0,0,,,0.0,-inf,inf
351,dyke,100,187,92,287,0.34843205574912894,0.6515679442508711,0.008250381131737063,-4.797495881916322,4.797495881916322
352,eatme,2,10,4,12,0.16666666666666666,0.8333333333333334,0.0003587122231190028,-7.9329900978454715,7.9329900978454715
353,ecstacy,0,0,0,0,,,0.0,-inf,inf
354,enema,0,0,0,0,,,0.0,-inf,inf
355,enemy,2,16,6,18,0.1111111111111111,0.8888888888888888,0.0005380683346785041,-7.527524989737307,7.527524989737307
356,erect,0,3,1,3,0.0,1.0,8.96780557797507e-05,-9.319284458965361,9.319284458965361
357,ero,53,354,131,407,0.13022113022113022,0.8697788697788698,0.01174782530714734,-4.44408713576421,4.44408713576421
358,ethnic,0,3,1,3,0.0,1.0,8.96780557797507e-05,-9.319284458965361,9.319284458965361
359,evl,4,17,7,21,0.19047619047619047,0.8095238095238095,0.0006277463904582549,-7.373374309910049,7.373374309910049
360,execute,4,3,2,7,0.5714285714285714,0.42857142857142855,0.0001793561115595014,-8.626137278405416,8.626137278405416
361,faeces,0,0,0,0,,,0.0,-inf,inf
362,fagging,0,0,0,0,,,0.0,-inf,inf
363,fagot,0,0,0,0,,,0.0,-inf,inf
364,failed,3,12,5,15,0.2,0.8,0.0004483902788987535,-7.709846546531262,7.709846546531262
365,failure,0,6,2,6,0.0,1.0,0.0001793561115595014,-8.626137278405416,8.626137278405416
366,fairies,0,0,0,0,,,0.0,-inf,inf
367,fairy,0,6,1,6,0.0,1.0,8.96780557797507e-05,-9.319284458965361,9.319284458965361
368,faith,7,106,33,113,0.061946902654867256,0.9380530973451328,0.002959375840731773,-5.822776897498882,5.822776897498882
369,fart,0,35,11,35,0.0,1.0,0.0009864586135772577,-6.921389186166992,6.921389186166992
370,farted,0,3,1,3,0.0,1.0,8.96780557797507e-05,-9.319284458965361,9.319284458965361
371,farting,0,6,1,6,0.0,1.0,8.96780557797507e-05,-9.319284458965361,9.319284458965361
372,farty,0,0,0,0,,,0.0,-inf,inf
373,fat,98,588,211,686,0.14285714285714285,0.8571428571428571,0.018922069769527396,-3.967426325489295,3.967426325489295
374,fatah,0,0,0,0,,,0.0,-inf,inf
375,fatass,0,9,3,9,0.0,1.0,0.0002690341673392521,-8.220672170297252,8.220672170297252
376,fatfuck,0,0,0,0,,,0.0,-inf,inf
377,fatso,0,0,0,0,,,0.0,-inf,inf
378,fckcum,0,0,0,0,,,0.0,-inf,inf
379,fear,5,36,12,41,0.12195121951219512,0.8780487804878049,0.0010761366693570083,-6.8343778091773615,6.8343778091773615
380,feces,0,0,0,0,,,0.0,-inf,inf
381,felatio,0,0,0,0,,,0.0,-inf,inf
382,felcher,0,0,0,0,,,0.0,-inf,inf
383,fetish,2,10,4,12,0.16666666666666666,0.8333333333333334,0.0003587122231190028,-7.9329900978454715,7.9329900978454715
384,fight,48,364,133,412,0.11650485436893204,0.883495145631068,0.011927181418706842,-4.428935330743608,4.428935330743608
385,fire,17,122,45,139,0.1223021582733813,0.8776978417266187,0.004035512510088781,-5.512621969195042,5.512621969195042
386,firing,0,0,0,0,,,0.0,-inf,inf
387,fister,0,0,0,0,,,0.0,-inf,inf
388,flange,0,0,0,0,,,0.0,-inf,inf
389,flasher,0,0,0,0,,,0.0,-inf,inf
390,floo,6,58,22,64,0.09375,0.90625,0.0019729172271545155,-6.228242005607046,6.228242005607046
391,flydie,0,0,0,0,,,0.0,-inf,inf
392,flydye,0,0,0,0,,,0.0,-inf,inf
393,fok,0,0,0,0,,,0.0,-inf,inf
394,fondle,0,2,1,2,0.0,1.0,8.96780557797507e-05,-9.319284458965361,9.319284458965361
395,fore,63,620,214,683,0.09224011713030747,0.9077598828696926,0.019191103936866648,-3.95330844394351,3.95330844394351
396,forni,17,33,18,50,0.34,0.66,0.0016142050040355124,-6.428912701069197,6.428912701069197
397,fraud,0,14,5,14,0.0,1.0,0.0004483902788987535,-7.709846546531262,7.709846546531262
398,fu,1214,7948,2862,9162,0.1325038201266099,0.8674961798733901,0.2566585956416465,-1.3600084988489656,1.3600084988489656
399,fubar,0,0,0,0,,,0.0,-inf,inf
400,fuc,952,6070,2191,7022,0.13557391056679008,0.8644260894332099,0.19648462021343377,-1.6271711193698952,1.6271711193698952
401,fucck,0,0,0,0,,,0.0,-inf,inf
402,fucka,8,65,24,73,0.1095890410958904,0.8904109589041096,0.0021522733387140166,-6.141230628617416,6.141230628617416
403,fuckbag,0,0,0,0,,,0.0,-inf,inf
404,fucked,43,495,161,538,0.07992565055762081,0.9200743494423792,0.014438166980539862,-4.237880093980899,4.237880093980899
405,fucker,10,97,35,107,0.09345794392523364,0.9065420560747663,0.003138731952291274,-5.763936397475948,5.763936397475948
406,fuckers,4,29,11,33,0.12121212121212122,0.8787878787878788,0.0009864586135772577,-6.921389186166992,6.921389186166992
407,fuckher,0,3,1,3,0.0,1.0,8.96780557797507e-05,-9.319284458965361,9.319284458965361
408,fuckina,0,0,0,0,,,0.0,-inf,inf
409,fuckit,1,5,1,6,0.16666666666666666,0.8333333333333334,8.96780557797507e-05,-9.319284458965361,9.319284458965361
410,fuckme,0,0,0,0,,,0.0,-inf,inf
411,fuckoff,0,3,1,3,0.0,1.0,8.96780557797507e-05,-9.319284458965361,9.319284458965361
412,fuckpig,0,0,0,0,,,0.0,-inf,inf
413,fucks,11,102,35,113,0.09734513274336283,0.9026548672566371,0.003138731952291274,-5.763936397475948,5.763936397475948
414,fuckyou,0,3,1,3,0.0,1.0,8.96780557797507e-05,-9.319284458965361,9.319284458965361
415,fugly,7,23,10,30,0.23333333333333334,0.7666666666666667,0.000896780557797507,-7.016699365971316,7.016699365971316
416,fuk,5,83,28,88,0.056818181818181816,0.9431818181818182,0.0025109855618330196,-5.987079948790158,5.987079948790158
417,fuks,0,2,1,2,0.0,1.0,8.96780557797507e-05,-9.319284458965361,9.319284458965361
418,funeral,2,13,4,15,0.13333333333333333,0.8666666666666667,0.0003587122231190028,-7.9329900978454715,7.9329900978454715
419,funfuck,0,0,0,0,,,0.0,-inf,inf
420,fungus,0,0,0,0,,,0.0,-inf,inf
421,fuuck,2,1,1,3,0.6666666666666666,0.3333333333333333,8.96780557797507e-05,-9.319284458965361,9.319284458965361
422,gangsta,1,5,2,6,0.16666666666666666,0.8333333333333334,0.0001793561115595014,-8.626137278405416,8.626137278405416
423,gay,129,289,137,418,0.30861244019138756,0.6913875598086124,0.012285893641825845,-4.399303533137237,4.399303533137237
424,gaysex,0,0,0,0,,,0.0,-inf,inf
425,geez,3,14,6,17,0.17647058823529413,0.8235294117647058,0.0005380683346785041,-7.527524989737307,7.527524989737307
426,geezer,0,0,0,0,,,0.0,-inf,inf
427,geni,1,34,11,35,0.02857142857142857,0.9714285714285714,0.0009864586135772577,-6.921389186166992,6.921389186166992
428,genital,0,0,0,0,,,0.0,-inf,inf
429,german,0,6,2,6,0.0,1.0,0.0001793561115595014,-8.626137278405416,8.626137278405416
430,getiton,0,0,0,0,,,0.0,-inf,inf
431,gin,75,656,244,731,0.10259917920656635,0.8974008207934336,0.02188144561025917,-3.82211623367216,3.82211623367216
432,ginzo,0,3,1,3,0.0,1.0,8.96780557797507e-05,-9.319284458965361,9.319284458965361
433,gipp,0,0,0,0,,,0.0,-inf,inf
434,girls,52,659,221,711,0.07313642756680731,0.9268635724331927,0.019818850327324902,-3.921121757447609,3.921121757447609
435,gob,3,5,3,8,0.375,0.625,0.0002690341673392521,-8.220672170297252,8.220672170297252
436,god,42,326,117,368,0.11413043478260869,0.8858695652173914,0.010492332526230832,-4.557110524167606,4.557110524167606
437,goddamn,2,31,10,33,0.06060606060606061,0.9393939393939394,0.000896780557797507,-7.016699365971316,7.016699365971316
438,gook,16,13,9,29,0.5517241379310345,0.4482758620689655,0.0008071025020177562,-7.122059881629142,7.122059881629142
439,goy,0,0,0,0,,,0.0,-inf,inf
440,goyim,0,0,0,0,,,0.0,-inf,inf
441,gringo,0,3,1,3,0.0,1.0,8.96780557797507e-05,-9.319284458965361,9.319284458965361
442,groe,3,3,2,6,0.5,0.5,0.0001793561115595014,-8.626137278405416,8.626137278405416
443,gross,4,16,7,20,0.2,0.8,0.0006277463904582549,-7.373374309910049,7.373374309910049
444,gubba,0,0,0,0,,,0.0,-inf,inf
445,gummer,0,0,0,0,,,0.0,-inf,inf
446,gun,22,154,54,176,0.125,0.875,0.004842615012106538,-5.330300412401088,5.330300412401088
447,gyp,2,10,4,12,0.16666666666666666,0.8333333333333334,0.0003587122231190028,-7.9329900978454715,7.9329900978454715
448,gypo,0,0,0,0,,,0.0,-inf,inf
449,gypp,0,0,0,0,,,0.0,-inf,inf
450,gyppie,0,0,0,0,,,0.0,-inf,inf
451,gyppo,0,0,0,0,,,0.0,-inf,inf
452,gyppy,0,0,0,0,,,0.0,-inf,inf
453,hamas,0,3,1,3,0.0,1.0,8.96780557797507e-05,-9.319284458965361,9.319284458965361
454,hapa,0,0,0,0,,,0.0,-inf,inf
455,harder,3,32,11,35,0.08571428571428572,0.9142857142857143,0.0009864586135772577,-6.921389186166992,6.921389186166992
456,hardon,0,0,0,0,,,0.0,-inf,inf
457,harem,0,0,0,0,,,0.0,-inf,inf
458,hebe,1,8,3,9,0.1111111111111111,0.8888888888888888,0.0002690341673392521,-8.220672170297252,8.220672170297252
459,heeb,0,5,2,5,0.0,1.0,0.0001793561115595014,-8.626137278405416,8.626137278405416
460,hell,73,700,246,773,0.0944372574385511,0.9055627425614489,0.022060801721818672,-3.813952923032999,3.813952923032999
461,heroin,0,0,0,0,,,0.0,-inf,inf
462,herpes,0,6,1,6,0.0,1.0,8.96780557797507e-05,-9.319284458965361,9.319284458965361
463,hijack,3,0,1,3,1.0,0.0,8.96780557797507e-05,-9.319284458965361,9.319284458965361
464,hindoo,0,0,0,0,,,0.0,-inf,inf
465,hiscock,0,0,0,0,,,0.0,-inf,inf
466,hitler,1,2,1,3,0.3333333333333333,0.6666666666666666,8.96780557797507e-05,-9.319284458965361,9.319284458965361
467,hiv,3,18,5,21,0.14285714285714285,0.8571428571428571,0.0004483902788987535,-7.709846546531262,7.709846546531262
468,ho,2100,21263,7382,23363,0.08988571673158413,0.9101142832684159,0.6620034077661197,-0.41248457537541794,0.41248457537541794
469,hobo,0,0,0,0,,,0.0,-inf,inf
470,hodgie,0,0,0,0,,,0.0,-inf,inf
471,hoes,449,6771,2237,7220,0.06218836565096953,0.9378116343490305,0.20060981077930232,-1.606393497475232,1.606393497475232
472,hole,64,441,163,505,0.12673267326732673,0.8732673267326733,0.014617523092099363,-4.225534258158599,4.225534258158599
473,homo,28,30,20,58,0.4827586206896552,0.5172413793103449,0.001793561115595014,-6.323552185411371,6.323552185411371
474,honger,0,0,0,0,,,0.0,-inf,inf
475,honk,22,61,28,83,0.26506024096385544,0.7349397590361446,0.0025109855618330196,-5.987079948790158,5.987079948790158
476,honkers,0,0,0,0,,,0.0,-inf,inf
477,honky,2,12,5,14,0.14285714285714285,0.8571428571428571,0.0004483902788987535,-7.709846546531262,7.709846546531262
478,hook,10,76,27,86,0.11627906976744186,0.8837209302325582,0.002421307506053269,-6.023447592961032,6.023447592961032
479,hookers,1,7,3,8,0.125,0.875,0.0002690341673392521,-8.220672170297252,8.220672170297252
480,hooters,1,5,2,6,0.16666666666666666,0.8333333333333334,0.0001793561115595014,-8.626137278405416,8.626137278405416
481,hore,34,127,52,161,0.2111801242236025,0.7888198757763976,0.004663258900547036,-5.368040740383934,5.368040740383934
482,hork,0,0,0,0,,,0.0,-inf,inf
483,horn,3,64,20,67,0.04477611940298507,0.9552238805970149,0.001793561115595014,-6.323552185411371,6.323552185411371
484,horney,0,0,0,0,,,0.0,-inf,inf
485,hosejob,0,0,0,0,,,0.0,-inf,inf
486,hoser,0,11,4,11,0.0,1.0,0.0003587122231190028,-7.9329900978454715,7.9329900978454715
487,hostage,0,0,0,0,,,0.0,-inf,inf
488,hotdamn,0,0,0,0,,,0.0,-inf,inf
489,hummer,0,0,0,0,,,0.0,-inf,inf
490,husky,0,3,1,3,0.0,1.0,8.96780557797507e-05,-9.319284458965361,9.319284458965361
491,hussy,0,0,0,0,,,0.0,-inf,inf
492,hustler,0,3,1,3,0.0,1.0,8.96780557797507e-05,-9.319284458965361,9.319284458965361
493,hymen,0,0,0,0,,,0.0,-inf,inf
494,hymie,0,0,0,0,,,0.0,-inf,inf
495,iblowu,0,0,0,0,,,0.0,-inf,inf
496,idiot,13,33,15,46,0.2826086956521739,0.717391304347826,0.0013451708366962604,-6.611234257863152,6.611234257863152
497,ikey,8,23,11,31,0.25806451612903225,0.7419354838709677,0.0009864586135772577,-6.921389186166992,6.921389186166992
498,illegal,9,16,9,25,0.36,0.64,0.0008071025020177562,-7.122059881629142,7.122059881629142
499,insest,0,0,0,0,,,0.0,-inf,inf
500,israel,0,0,0,0,,,0.0,-inf,inf
501,israeli,0,0,0,0,,,0.0,-inf,inf
502,itch,2106,32937,10805,35043,0.06009759438404246,0.9399024056159575,0.9689713927002063,-0.03152019002437547,0.03152019002437547
503,jackass,1,8,3,9,0.1111111111111111,0.8888888888888888,0.0002690341673392521,-8.220672170297252,8.220672170297252
504,jackoff,0,0,0,0,,,0.0,-inf,inf
505,jade,3,18,7,21,0.14285714285714285,0.8571428571428571,0.0006277463904582549,-7.373374309910049,7.373374309910049
506,jap,2,4,2,6,0.3333333333333333,0.6666666666666666,0.0001793561115595014,-8.626137278405416,8.626137278405416
507,japcrap,0,0,0,0,,,0.0,-inf,inf
508,jebus,0,0,0,0,,,0.0,-inf,inf
509,jeez,3,3,2,6,0.5,0.5,0.0001793561115595014,-8.626137278405416,8.626137278405416
510,jerkoff,0,0,0,0,,,0.0,-inf,inf
511,jesus,10,22,11,32,0.3125,0.6875,0.0009864586135772577,-6.921389186166992,6.921389186166992
512,jew,10,19,9,29,0.3448275862068966,0.6551724137931034,0.0008071025020177562,-7.122059881629142,7.122059881629142
513,jewish,0,0,0,0,,,0.0,-inf,inf
514,jiga,4,2,2,6,0.6666666666666666,0.3333333333333333,0.0001793561115595014,-8.626137278405416,8.626137278405416
515,jigg,9,21,9,30,0.3,0.7,0.0008071025020177562,-7.122059881629142,7.122059881629142
516,jigga,9,9,6,18,0.5,0.5,0.0005380683346785041,-7.527524989737307,7.527524989737307
517,jiggabo,8,7,5,15,0.5333333333333333,0.4666666666666667,0.0004483902788987535,-7.709846546531262,7.709846546531262
518,jigger,0,0,0,0,,,0.0,-inf,inf
519,jiggy,0,6,1,6,0.0,1.0,8.96780557797507e-05,-9.319284458965361,9.319284458965361
520,jihad,0,0,0,0,,,0.0,-inf,inf
521,jimfish,0,0,0,0,,,0.0,-inf,inf
522,jism,0,0,0,0,,,0.0,-inf,inf
523,jiz,1,11,4,12,0.08333333333333333,0.9166666666666666,0.0003587122231190028,-7.9329900978454715,7.9329900978454715
524,jizim,0,0,0,0,,,0.0,-inf,inf
525,jizm,0,0,0,0,,,0.0,-inf,inf
526,jizzim,0,0,0,0,,,0.0,-inf,inf
527,jizzum,0,0,0,0,,,0.0,-inf,inf
528,joint,1,28,10,29,0.034482758620689655,0.9655172413793104,0.000896780557797507,-7.016699365971316,7.016699365971316
529,juggalo,0,0,0,0,,,0.0,-inf,inf
530,jugs,0,0,0,0,,,0.0,-inf,inf
531,kaffer,0,0,0,0,,,0.0,-inf,inf
532,kaffir,1,2,1,3,0.3333333333333333,0.6666666666666666,8.96780557797507e-05,-9.319284458965361,9.319284458965361
533,kaffre,0,0,0,0,,,0.0,-inf,inf
534,kafir,0,0,0,0,,,0.0,-inf,inf
535,kanake,0,0,0,0,,,0.0,-inf,inf
536,kid,79,411,159,490,0.16122448979591836,0.8387755102040816,0.01425881086898036,-4.250380256745131,4.250380256745131
537,kigger,0,0,0,0,,,0.0,-inf,inf
538,kill,143,534,214,677,0.21122599704579026,0.7887740029542097,0.019191103936866648,-3.95330844394351,3.95330844394351
539,killed,21,86,35,107,0.19626168224299065,0.8037383177570093,0.003138731952291274,-5.763936397475948,5.763936397475948
540,killer,2,40,13,42,0.047619047619047616,0.9523809523809523,0.001165814725136759,-6.754335101503825,6.754335101503825
541,killing,6,25,10,31,0.1935483870967742,0.8064516129032258,0.000896780557797507,-7.016699365971316,7.016699365971316
542,kills,10,45,15,55,0.18181818181818182,0.8181818181818182,0.0013451708366962604,-6.611234257863152,6.611234257863152
543,kink,1,17,6,18,0.05555555555555555,0.9444444444444444,0.0005380683346785041,-7.527524989737307,7.527524989737307
544,kissass,0,0,0,0,,,0.0,-inf,inf
545,kkk,11,104,37,115,0.09565217391304348,0.9043478260869565,0.0033180880638507756,-5.7083665463211375,5.7083665463211375
546,knife,2,4,2,6,0.3333333333333333,0.6666666666666666,0.0001793561115595014,-8.626137278405416,8.626137278405416
547,kock,0,0,0,0,,,0.0,-inf,inf
548,kondum,0,0,0,0,,,0.0,-inf,inf
549,koon,0,0,0,0,,,0.0,-inf,inf
550,kotex,0,0,0,0,,,0.0,-inf,inf
551,krap,0,0,0,0,,,0.0,-inf,inf
552,krappy,0,0,0,0,,,0.0,-inf,inf
553,kraut,2,4,2,6,0.3333333333333333,0.6666666666666666,0.0001793561115595014,-8.626137278405416,8.626137278405416
554,kum,0,9,2,9,0.0,1.0,0.0001793561115595014,-8.626137278405416,8.626137278405416
555,kummer,0,0,0,0,,,0.0,-inf,inf
556,kumming,0,0,0,0,,,0.0,-inf,inf
557,kumquat,0,0,0,0,,,0.0,-inf,inf
558,kums,0,0,0,0,,,0.0,-inf,inf
559,kunt,0,0,0,0,,,0.0,-inf,inf
560,ky,85,701,254,786,0.10814249363867684,0.8918575063613231,0.022778226168056675,-3.7819501919468252,3.7819501919468252
561,kyke,0,0,0,0,,,0.0,-inf,inf
562,lactate,0,0,0,0,,,0.0,-inf,inf
563,laid,0,42,14,42,0.0,1.0,0.0012554927809165098,-6.680227129350103,6.680227129350103
564,latin,2,27,8,29,0.06896551724137931,0.9310344827586207,0.0007174244462380056,-7.239842917285526,7.239842917285526
565,lesbain,0,0,0,0,,,0.0,-inf,inf
566,lesbayn,0,0,0,0,,,0.0,-inf,inf
567,lesbian,6,21,9,27,0.2222222222222222,0.7777777777777778,0.0008071025020177562,-7.122059881629142,7.122059881629142
568,lesbin,0,0,0,0,,,0.0,-inf,inf
569,lesbo,1,5,2,6,0.16666666666666666,0.8333333333333334,0.0001793561115595014,-8.626137278405416,8.626137278405416
570,lez,6,32,13,38,0.15789473684210525,0.8421052631578947,0.001165814725136759,-6.754335101503825,6.754335101503825
571,lezbe,0,0,0,0,,,0.0,-inf,inf
572,lezbo,0,0,0,0,,,0.0,-inf,inf
573,lezz,1,2,1,3,0.3333333333333333,0.6666666666666666,8.96780557797507e-05,-9.319284458965361,9.319284458965361
574,lezzo,0,0,0,0,,,0.0,-inf,inf
575,liberal,21,28,15,49,0.42857142857142855,0.5714285714285714,0.0013451708366962604,-6.611234257863152,6.611234257863152
576,libido,0,0,0,0,,,0.0,-inf,inf
577,licker,3,9,4,12,0.25,0.75,0.0003587122231190028,-7.9329900978454715,7.9329900978454715
578,lickme,0,0,0,0,,,0.0,-inf,inf
579,lies,21,146,51,167,0.12574850299401197,0.874251497005988,0.0045735808447672855,-5.387458826241036,5.387458826241036
580,limey,0,0,0,0,,,0.0,-inf,inf
581,limy,0,3,1,3,0.0,1.0,8.96780557797507e-05,-9.319284458965361,9.319284458965361
582,liquor,0,22,8,22,0.0,1.0,0.0007174244462380056,-7.239842917285526,7.239842917285526
583,looser,0,3,1,3,0.0,1.0,8.96780557797507e-05,-9.319284458965361,9.319284458965361
584,loser,12,49,19,61,0.19672131147540983,0.8032786885245902,0.0017038830598152632,-6.374845479798921,6.374845479798921
585,lotion,0,12,3,12,0.0,1.0,0.0002690341673392521,-8.220672170297252,8.220672170297252
586,lovegoo,0,0,0,0,,,0.0,-inf,inf
587,lovegun,0,0,0,0,,,0.0,-inf,inf
588,lowlife,2,7,3,9,0.2222222222222222,0.7777777777777778,0.0002690341673392521,-8.220672170297252,8.220672170297252
589,lsd,0,12,4,12,0.0,1.0,0.0003587122231190028,-7.9329900978454715,7.9329900978454715
590,lubejob,0,0,0,0,,,0.0,-inf,inf
591,lucifer,0,0,0,0,,,0.0,-inf,inf
592,lugan,0,0,0,0,,,0.0,-inf,inf
593,lynch,0,0,0,0,,,0.0,-inf,inf
594,macaca,0,0,0,0,,,0.0,-inf,inf
595,mad,98,1056,365,1154,0.08492201039861352,0.9150779896013865,0.032732490359609005,-3.4193871053828704,3.4193871053828704
596,mafia,0,0,0,0,,,0.0,-inf,inf
597,mams,0,0,0,0,,,0.0,-inf,inf
598,meth,50,538,186,588,0.08503401360544217,0.9149659863945578,0.01668011837503363,-4.093537785252161,4.093537785252161
599,mexican,8,26,10,34,0.23529411764705882,0.7647058823529411,0.000896780557797507,-7.016699365971316,7.016699365971316
600,mgger,0,0,0,0,,,0.0,-inf,inf
601,mggor,0,0,0,0,,,0.0,-inf,inf
602,mideast,3,0,1,3,1.0,0.0,8.96780557797507e-05,-9.319284458965361,9.319284458965361
603,mockey,0,0,0,0,,,0.0,-inf,inf
604,mockie,0,0,0,0,,,0.0,-inf,inf
605,mocky,0,0,0,0,,,0.0,-inf,inf
606,mofo,1,11,4,12,0.08333333333333333,0.9166666666666666,0.0003587122231190028,-7.9329900978454715,7.9329900978454715
607,moky,0,3,1,3,0.0,1.0,8.96780557797507e-05,-9.319284458965361,9.319284458965361
608,moles,4,4,3,8,0.5,0.5,0.0002690341673392521,-8.220672170297252,8.220672170297252
609,molest,4,4,3,8,0.5,0.5,0.0002690341673392521,-8.220672170297252,8.220672170297252
610,mormon,0,3,1,3,0.0,1.0,8.96780557797507e-05,-9.319284458965361,9.319284458965361
611,moron,8,26,12,34,0.23529411764705882,0.7647058823529411,0.0010761366693570083,-6.8343778091773615,6.8343778091773615
612,moslem,3,0,1,3,1.0,0.0,8.96780557797507e-05,-9.319284458965361,9.319284458965361
613,muff,0,6,2,6,0.0,1.0,0.0001793561115595014,-8.626137278405416,8.626137278405416
614,mulatto,1,2,1,3,0.3333333333333333,0.6666666666666666,8.96780557797507e-05,-9.319284458965361,9.319284458965361
615,muncher,0,0,0,0,,,0.0,-inf,inf
616,munt,0,2,1,2,0.0,1.0,8.96780557797507e-05,-9.319284458965361,9.319284458965361
617,murder,10,42,17,52,0.19230769230769232,0.8076923076923077,0.001524526948255762,-6.486071114909146,6.486071114909146
618,muslim,6,12,5,18,0.3333333333333333,0.6666666666666666,0.0004483902788987535,-7.709846546531262,7.709846546531262
619,naked,9,87,32,96,0.09375,0.90625,0.0028696977849520223,-5.853548556165635,5.853548556165635
620,nasty,22,220,76,242,0.09090909090909091,0.9090909090909091,0.006815532239261053,-4.98855111867903,4.98855111867903
621,nastyho,0,0,0,0,,,0.0,-inf,inf
622,nazi,0,0,0,0,,,0.0,-inf,inf
623,necro,0,0,0,0,,,0.0,-inf,inf
624,negroes,3,3,2,6,0.5,0.5,0.0001793561115595014,-8.626137278405416,8.626137278405416
625,negroid,0,0,0,0,,,0.0,-inf,inf
626,nig,1905,6912,2718,8817,0.21605988431439266,0.7839401156856074,0.24374495560936238,-1.4116328642542728,1.4116328642542728
627,niger,5,0,2,5,1.0,0.0,0.0001793561115595014,-8.626137278405416,8.626137278405416
628,nigg,1764,5924,2353,7688,0.2294484911550468,0.7705515088449532,0.2110124652497534,-1.5558380702379992,1.5558380702379992
629,niggah,152,875,272,1027,0.14800389483933787,0.8519961051606622,0.02439243117209219,-3.7134823926693645,3.7134823926693645
630,niggard,0,0,0,0,,,0.0,-inf,inf
631,niggaz,24,112,41,136,0.17647058823529413,0.8235294117647058,0.0036768002869697787,-5.605712392261054,5.605712392261054
632,niggers,154,116,87,270,0.5703703703703704,0.42962962962962964,0.00780199085283831,-4.853376340310778,4.853376340310778
633,niggle,7,21,10,28,0.25,0.75,0.000896780557797507,-7.016699365971316,7.016699365971316
634,niggled,0,0,0,0,,,0.0,-inf,inf
635,niggles,0,0,0,0,,,0.0,-inf,inf
636,niggor,0,0,0,0,,,0.0,-inf,inf
637,niggur,0,3,1,3,0.0,1.0,8.96780557797507e-05,-9.319284458965361,9.319284458965361
638,niglet,11,21,11,32,0.34375,0.65625,0.0009864586135772577,-6.921389186166992,6.921389186166992
639,nignog,0,0,0,0,,,0.0,-inf,inf
640,nigr,1,2,1,3,0.3333333333333333,0.6666666666666666,8.96780557797507e-05,-9.319284458965361,9.319284458965361
641,nigra,1,2,1,3,0.3333333333333333,0.6666666666666666,8.96780557797507e-05,-9.319284458965361,9.319284458965361
642,nigre,0,0,0,0,,,0.0,-inf,inf
643,nip,16,165,64,181,0.08839779005524862,0.9116022099447514,0.0057393955699040445,-5.16040137560569,5.16040137560569
644,nittit,0,0,0,0,,,0.0,-inf,inf
645,nlgger,0,0,0,0,,,0.0,-inf,inf
646,nlggor,0,0,0,0,,,0.0,-inf,inf
647,nook,0,0,0,0,,,0.0,-inf,inf
648,nookey,0,0,0,0,,,0.0,-inf,inf
649,nookie,0,0,0,0,,,0.0,-inf,inf
650,noonan,0,0,0,0,,,0.0,-inf,inf
651,nooner,0,0,0,0,,,0.0,-inf,inf
652,nudger,0,0,0,0,,,0.0,-inf,inf
653,nuke,0,0,0,0,,,0.0,-inf,inf
654,nymph,0,0,0,0,,,0.0,-inf,inf
655,oral,6,48,19,54,0.1111111111111111,0.8888888888888888,0.0017038830598152632,-6.374845479798921,6.374845479798921
656,orga,8,85,32,93,0.08602150537634409,0.9139784946236559,0.0028696977849520223,-5.853548556165635,5.853548556165635
657,orgasim,0,0,0,0,,,0.0,-inf,inf
658,orgies,0,6,1,6,0.0,1.0,8.96780557797507e-05,-9.319284458965361,9.319284458965361
659,osama,0,0,0,0,,,0.0,-inf,inf
660,pansies,0,0,0,0,,,0.0,-inf,inf
661,pansy,0,2,1,2,0.0,1.0,8.96780557797507e-05,-9.319284458965361,9.319284458965361
662,panti,1,70,22,71,0.014084507042253521,0.9859154929577465,0.0019729172271545155,-6.228242005607046,6.228242005607046
663,payo,0,0,0,0,,,0.0,-inf,inf
664,peck,12,27,14,39,0.3076923076923077,0.6923076923076923,0.0012554927809165098,-6.680227129350103,6.680227129350103
665,pecker,8,25,12,33,0.24242424242424243,0.7575757575757576,0.0010761366693570083,-6.8343778091773615,6.8343778091773615
666,pee,13,122,44,135,0.0962962962962963,0.9037037037037037,0.003945834454309031,-5.535094825047101,5.535094825047101
667,peehole,0,0,0,0,,,0.0,-inf,inf
668,pendy,0,0,0,0,,,0.0,-inf,inf
669,peni5,0,0,0,0,,,0.0,-inf,inf
670,penile,0,0,0,0,,,0.0,-inf,inf
671,penises,0,0,0,0,,,0.0,-inf,inf
672,period,7,62,21,69,0.10144927536231885,0.8985507246376812,0.0018832391713747645,-6.274762021241939,6.274762021241939
673,perv,0,14,4,14,0.0,1.0,0.0003587122231190028,-7.9329900978454715,7.9329900978454715
674,phuk,0,0,0,0,,,0.0,-inf,inf
675,phuked,0,0,0,0,,,0.0,-inf,inf
676,phuking,0,0,0,0,,,0.0,-inf,inf
677,phukked,0,0,0,0,,,0.0,-inf,inf
678,phungky,0,0,0,0,,,0.0,-inf,inf
679,phuq,0,0,0,0,,,0.0,-inf,inf
680,pi55,0,0,0,0,,,0.0,-inf,inf
681,piker,0,0,0,0,,,0.0,-inf,inf
682,piky,0,0,0,0,,,0.0,-inf,inf
683,pimp,7,87,32,94,0.07446808510638298,0.925531914893617,0.0028696977849520223,-5.853548556165635,5.853548556165635
684,pimped,0,0,0,0,,,0.0,-inf,inf
685,pimper,0,0,0,0,,,0.0,-inf,inf
686,pindick,0,0,0,0,,,0.0,-inf,inf
687,piss,19,142,52,161,0.11801242236024845,0.8819875776397516,0.004663258900547036,-5.368040740383934,5.368040740383934
688,pissed,7,50,19,57,0.12280701754385964,0.8771929824561403,0.0017038830598152632,-6.374845479798921,6.374845479798921
689,pisser,0,0,0,0,,,0.0,-inf,inf
690,pisses,0,11,4,11,0.0,1.0,0.0003587122231190028,-7.9329900978454715,7.9329900978454715
691,pissin,1,20,7,21,0.047619047619047616,0.9523809523809523,0.0006277463904582549,-7.373374309910049,7.373374309910049
692,pissoff,0,0,0,0,,,0.0,-inf,inf
693,pistol,1,17,6,18,0.05555555555555555,0.9444444444444444,0.0005380683346785041,-7.527524989737307,7.527524989737307
694,pixie,0,0,0,0,,,0.0,-inf,inf
695,pixy,0,0,0,0,,,0.0,-inf,inf
696,pocha,0,0,0,0,,,0.0,-inf,inf
697,pocho,0,0,0,0,,,0.0,-inf,inf
698,pohm,0,0,0,0,,,0.0,-inf,inf
699,polack,0,0,0,0,,,0.0,-inf,inf
700,pom,3,13,6,16,0.1875,0.8125,0.0005380683346785041,-7.527524989737307,7.527524989737307
701,pommie,0,0,0,0,,,0.0,-inf,inf
702,pommy,0,0,0,0,,,0.0,-inf,inf
703,poo,29,154,60,183,0.15846994535519127,0.8415300546448088,0.0053806833467850415,-5.224939896743261,5.224939896743261
704,poop,3,13,6,16,0.1875,0.8125,0.0005380683346785041,-7.527524989737307,7.527524989737307
705,pooper,0,0,0,0,,,0.0,-inf,inf
706,pooping,0,0,0,0,,,0.0,-inf,inf
707,popimp,0,0,0,0,,,0.0,-inf,inf
708,pot,32,256,92,288,0.1111111111111111,0.8888888888888888,0.008250381131737063,-4.797495881916322,4.797495881916322
709,poverty,0,3,1,3,0.0,1.0,8.96780557797507e-05,-9.319284458965361,9.319284458965361
710,pric,6,83,29,89,0.06741573033707865,0.9325842696629213,0.00260066361761277,-5.951988628978888,5.951988628978888
711,prick,1,4,2,5,0.2,0.8,0.0001793561115595014,-8.626137278405416,8.626137278405416
712,pros,2,36,13,38,0.05263157894736842,0.9473684210526315,0.001165814725136759,-6.754335101503825,6.754335101503825
713,pu55i,0,0,0,0,,,0.0,-inf,inf
714,pu55y,0,0,0,0,,,0.0,-inf,inf
715,pube,0,3,1,3,0.0,1.0,8.96780557797507e-05,-9.319284458965361,9.319284458965361
716,pubic,0,0,0,0,,,0.0,-inf,inf
717,pud,1,23,6,24,0.041666666666666664,0.9583333333333334,0.0005380683346785041,-7.527524989737307,7.527524989737307
718,pudboy,0,0,0,0,,,0.0,-inf,inf
719,pudd,1,20,5,21,0.047619047619047616,0.9523809523809523,0.0004483902788987535,-7.709846546531262,7.709846546531262
720,puddboy,0,0,0,0,,,0.0,-inf,inf
721,puke,0,15,4,15,0.0,1.0,0.0003587122231190028,-7.9329900978454715,7.9329900978454715
722,puntang,0,0,0,0,,,0.0,-inf,inf
723,puss,385,6477,2164,6862,0.05610609151850773,0.9438939084814922,0.1940633127073805,-1.6395708189989897,1.6395708189989897
724,pussie,24,281,98,305,0.07868852459016394,0.921311475409836,0.008788449466415568,-4.73431698029479,4.73431698029479
725,pussies,24,281,98,305,0.07868852459016394,0.921311475409836,0.008788449466415568,-4.73431698029479,4.73431698029479
726,pusy,0,0,0,0,,,0.0,-inf,inf
727,quashie,0,0,0,0,,,0.0,-inf,inf
728,queer,118,142,86,260,0.45384615384615384,0.5461538461538461,0.00771231279705856,-4.864937162711854,4.864937162711854
729,quickie,0,0,0,0,,,0.0,-inf,inf
730,ra8s,0,0,0,0,,,0.0,-inf,inf
731,rabbi,1,8,3,9,0.1111111111111111,0.8888888888888888,0.0002690341673392521,-8.220672170297252,8.220672170297252
732,racial,5,6,4,11,0.45454545454545453,0.5454545454545454,0.0003587122231190028,-7.9329900978454715,7.9329900978454715
733,racist,65,69,44,134,0.48507462686567165,0.5149253731343284,0.003945834454309031,-5.535094825047101,5.535094825047101
734,radical,7,1,2,8,0.875,0.125,0.0001793561115595014,-8.626137278405416,8.626137278405416
735,randy,0,29,10,29,0.0,1.0,0.000896780557797507,-7.016699365971316,7.016699365971316
736,raped,8,28,12,36,0.2222222222222222,0.7777777777777778,0.0010761366693570083,-6.8343778091773615,6.8343778091773615
737,raper,2,0,1,2,1.0,0.0,8.96780557797507e-05,-9.319284458965361,9.319284458965361
738,rearend,0,0,0,0,,,0.0,-inf,inf
739,redneck,63,149,75,212,0.2971698113207547,0.7028301886792453,0.006725854183481302,-5.001796345429051,5.001796345429051
740,reefer,0,0,0,0,,,0.0,-inf,inf
741,reestie,0,0,0,0,,,0.0,-inf,inf
742,refugee,0,0,0,0,,,0.0,-inf,inf
743,reject,3,9,4,12,0.25,0.75,0.0003587122231190028,-7.9329900978454715,7.9329900978454715
744,remains,1,5,2,6,0.16666666666666666,0.8333333333333334,0.0001793561115595014,-8.626137278405416,8.626137278405416
745,rere,0,0,0,0,,,0.0,-inf,inf
746,retard,265,846,380,1111,0.23852385238523852,0.7614761476147615,0.034077661196305266,-3.3791132062449303,3.3791132062449303
747,ribbed,0,0,0,0,,,0.0,-inf,inf
748,rigger,1,17,6,18,0.05555555555555555,0.9444444444444444,0.0005380683346785041,-7.527524989737307,7.527524989737307
749,roach,7,40,15,47,0.14893617021276595,0.851063829787234,0.0013451708366962604,-6.611234257863152,6.611234257863152
750,robber,0,3,1,3,0.0,1.0,8.96780557797507e-05,-9.319284458965361,9.319284458965361
751,rump,6,28,12,34,0.17647058823529413,0.8235294117647058,0.0010761366693570083,-6.8343778091773615,6.8343778091773615
752,russki,0,0,0,0,,,0.0,-inf,inf
753,russkie,0,0,0,0,,,0.0,-inf,inf
754,sadis,0,0,0,0,,,0.0,-inf,inf
755,sadom,0,0,0,0,,,0.0,-inf,inf
756,sandm,1,2,1,3,0.3333333333333333,0.6666666666666666,8.96780557797507e-05,-9.319284458965361,9.319284458965361
757,satan,4,8,4,12,0.3333333333333333,0.6666666666666666,0.0003587122231190028,-7.9329900978454715,7.9329900978454715
758,scag,0,0,0,0,,,0.0,-inf,inf
759,screw,1,10,4,11,0.09090909090909091,0.9090909090909091,0.0003587122231190028,-7.9329900978454715,7.9329900978454715
760,scrotum,0,3,1,3,0.0,1.0,8.96780557797507e-05,-9.319284458965361,9.319284458965361
761,scum,9,17,9,26,0.34615384615384615,0.6538461538461539,0.0008071025020177562,-7.122059881629142,7.122059881629142
762,seppo,0,0,0,0,,,0.0,-inf,inf
763,servant,3,0,1,3,1.0,0.0,8.96780557797507e-05,-9.319284458965361,9.319284458965361
764,sexed,0,0,0,0,,,0.0,-inf,inf
765,sexfarm,0,0,0,0,,,0.0,-inf,inf
766,sexing,0,6,1,6,0.0,1.0,8.96780557797507e-05,-9.319284458965361,9.319284458965361
767,sexpot,0,0,0,0,,,0.0,-inf,inf
768,sextogo,0,0,0,0,,,0.0,-inf,inf
769,sextoy,0,0,0,0,,,0.0,-inf,inf
770,sextoys,0,0,0,0,,,0.0,-inf,inf
771,shag,2,10,4,12,0.16666666666666666,0.8333333333333334,0.0003587122231190028,-7.9329900978454715,7.9329900978454715
772,shaggin,0,0,0,0,,,0.0,-inf,inf
773,shat,0,11,4,11,0.0,1.0,0.0003587122231190028,-7.9329900978454715,7.9329900978454715
774,shav,2,55,18,57,0.03508771929824561,0.9649122807017544,0.0016142050040355124,-6.428912701069197,6.428912701069197
775,sheeney,0,0,0,0,,,0.0,-inf,inf
776,shhit,0,0,0,0,,,0.0,-inf,inf
777,shinola,0,0,0,0,,,0.0,-inf,inf
778,shitcan,0,0,0,0,,,0.0,-inf,inf
779,shite,1,4,2,5,0.2,0.8,0.0001793561115595014,-8.626137278405416,8.626137278405416
780,shited,0,0,0,0,,,0.0,-inf,inf
781,shitfit,0,0,0,0,,,0.0,-inf,inf
782,shiting,0,0,0,0,,,0.0,-inf,inf
783,shitola,0,0,0,0,,,0.0,-inf,inf
784,shits,12,34,12,46,0.2608695652173913,0.7391304347826086,0.0010761366693570083,-6.8343778091773615,6.8343778091773615
785,shitted,0,6,2,6,0.0,1.0,0.0001793561115595014,-8.626137278405416,8.626137278405416
786,shitter,0,0,0,0,,,0.0,-inf,inf
787,shoot,24,153,55,177,0.13559322033898305,0.864406779661017,0.0049322930678862885,-5.311951273732891,5.311951273732891
788,sick,34,141,56,175,0.19428571428571428,0.8057142857142857,0.005021971123666039,-5.293932768230213,5.293932768230213
789,sissy,3,9,4,12,0.25,0.75,0.0003587122231190028,-7.9329900978454715,7.9329900978454715
790,skank,4,25,8,29,0.13793103448275862,0.8620689655172413,0.0007174244462380056,-7.239842917285526,7.239842917285526
791,skanky,0,2,1,2,0.0,1.0,8.96780557797507e-05,-9.319284458965361,9.319284458965361
792,skum,0,0,0,0,,,0.0,-inf,inf
793,skumbag,0,0,0,0,,,0.0,-inf,inf
794,slant,6,3,3,9,0.6666666666666666,0.3333333333333333,0.0002690341673392521,-8.220672170297252,8.220672170297252
795,slapper,0,3,1,3,0.0,1.0,8.96780557797507e-05,-9.319284458965361,9.319284458965361
796,slav,16,18,12,34,0.47058823529411764,0.5294117647058824,0.0010761366693570083,-6.8343778091773615,6.8343778091773615
797,slave,16,18,12,34,0.47058823529411764,0.5294117647058824,0.0010761366693570083,-6.8343778091773615,6.8343778091773615
798,slime,0,0,0,0,,,0.0,-inf,inf
799,slopey,0,0,0,0,,,0.0,-inf,inf
800,slopy,0,0,0,0,,,0.0,-inf,inf
801,sluts,3,48,13,51,0.058823529411764705,0.9411764705882353,0.001165814725136759,-6.754335101503825,6.754335101503825
802,slutt,5,31,11,36,0.1388888888888889,0.8611111111111112,0.0009864586135772577,-6.921389186166992,6.921389186166992
803,slutty,5,25,9,30,0.16666666666666666,0.8333333333333334,0.0008071025020177562,-7.122059881629142,7.122059881629142
804,smack,16,117,44,133,0.12030075187969924,0.8796992481203008,0.003945834454309031,-5.535094825047101,5.535094825047101
805,snigger,0,0,0,0,,,0.0,-inf,inf
806,sniper,2,7,3,9,0.2222222222222222,0.7777777777777778,0.0002690341673392521,-8.220672170297252,8.220672170297252
807,snot,0,6,2,6,0.0,1.0,0.0001793561115595014,-8.626137278405416,8.626137278405416
808,sob,0,38,12,38,0.0,1.0,0.0010761366693570083,-6.8343778091773615,6.8343778091773615
809,sodom,0,0,0,0,,,0.0,-inf,inf
810,sooty,0,0,0,0,,,0.0,-inf,inf
811,sos,1,40,14,41,0.024390243902439025,0.975609756097561,0.0012554927809165098,-6.680227129350103,6.680227129350103
812,soviet,0,0,0,0,,,0.0,-inf,inf
813,spank,1,12,5,13,0.07692307692307693,0.9230769230769231,0.0004483902788987535,-7.709846546531262,7.709846546531262
814,sperm,2,4,2,6,0.3333333333333333,0.6666666666666666,0.0001793561115595014,-8.626137278405416,8.626137278405416
815,spick,0,0,0,0,,,0.0,-inf,inf
816,spig,0,0,0,0,,,0.0,-inf,inf
817,spik,0,6,2,6,0.0,1.0,0.0001793561115595014,-8.626137278405416,8.626137278405416
818,spit,11,59,24,70,0.15714285714285714,0.8428571428571429,0.0021522733387140166,-6.141230628617416,6.141230628617416
819,spitter,0,0,0,0,,,0.0,-inf,inf
820,spunky,0,0,0,0,,,0.0,-inf,inf
821,squaw,0,0,0,0,,,0.0,-inf,inf
822,stagg,0,3,1,3,0.0,1.0,8.96780557797507e-05,-9.319284458965361,9.319284458965361
823,stiffy,0,0,0,0,,,0.0,-inf,inf
824,stroke,0,18,6,18,0.0,1.0,0.0005380683346785041,-7.527524989737307,7.527524989737307
825,stupid,123,537,206,660,0.18636363636363637,0.8136363636363636,0.01847367949062864,-3.991408290175781,3.991408290175781
826,sucker,8,19,9,27,0.2962962962962963,0.7037037037037037,0.0008071025020177562,-7.122059881629142,7.122059881629142
827,suckme,0,0,0,0,,,0.0,-inf,inf
828,suckoff,0,0,0,0,,,0.0,-inf,inf
829,suicide,2,8,3,10,0.2,0.8,0.0002690341673392521,-8.220672170297252,8.220672170297252
830,swallow,3,21,5,24,0.125,0.875,0.0004483902788987535,-7.709846546531262,7.709846546531262
831,swalow,0,0,0,0,,,0.0,-inf,inf
832,taboo,0,0,0,0,,,0.0,-inf,inf
833,taff,0,8,3,8,0.0,1.0,0.0002690341673392521,-8.220672170297252,8.220672170297252
834,tampon,0,12,3,12,0.0,1.0,0.0002690341673392521,-8.220672170297252,8.220672170297252
835,tang,2,9,4,11,0.18181818181818182,0.8181818181818182,0.0003587122231190028,-7.9329900978454715,7.9329900978454715
836,tantra,0,0,0,0,,,0.0,-inf,inf
837,tarbaby,0,0,0,0,,,0.0,-inf,inf
838,tard,278,908,404,1186,0.23440134907251264,0.7655986509274874,0.036229934535019284,-3.317869581004212,3.317869581004212
839,teat,0,0,0,0,,,0.0,-inf,inf
840,terror,10,8,7,18,0.5555555555555556,0.4444444444444444,0.0006277463904582549,-7.373374309910049,7.373374309910049
841,teste,0,0,0,0,,,0.0,-inf,inf
842,tinkle,0,0,0,0,,,0.0,-inf,inf
843,titfuck,0,0,0,0,,,0.0,-inf,inf
844,titjob,0,0,0,0,,,0.0,-inf,inf
845,tittie,7,79,26,86,0.08139534883720931,0.9186046511627907,0.002331629450273518,-6.06118792094388,6.06118792094388
846,tnt,0,0,0,0,,,0.0,-inf,inf
847,toilet,6,15,5,21,0.2857142857142857,0.7142857142857143,0.0004483902788987535,-7.709846546531262,7.709846546531262
848,tongue,6,57,21,63,0.09523809523809523,0.9047619047619048,0.0018832391713747645,-6.274762021241939,6.274762021241939
849,tortur,2,7,3,9,0.2222222222222222,0.7777777777777778,0.0002690341673392521,-8.220672170297252,8.220672170297252
850,torture,2,7,3,9,0.2222222222222222,0.7777777777777778,0.0002690341673392521,-8.220672170297252,8.220672170297252
851,tramp,0,3,1,3,0.0,1.0,8.96780557797507e-05,-9.319284458965361,9.319284458965361
852,trannie,2,9,4,11,0.18181818181818182,0.8181818181818182,0.0003587122231190028,-7.9329900978454715,7.9329900978454715
853,triplex,0,0,0,0,,,0.0,-inf,inf
854,trojan,1,3,1,4,0.25,0.75,8.96780557797507e-05,-9.319284458965361,9.319284458965361
855,trots,0,0,0,0,,,0.0,-inf,inf
856,turd,6,53,20,59,0.1016949152542373,0.8983050847457628,0.001793561115595014,-6.323552185411371,6.323552185411371
857,turnon,0,0,0,0,,,0.0,-inf,inf
858,uck,1249,7860,2846,9109,0.13711713689757382,0.8628828631024261,0.2552237467491705,-1.3656146803155642,1.3656146803155642
859,uk,23,343,119,366,0.06284153005464481,0.9371584699453552,0.010671688637790333,-4.540160965853833,4.540160965853833
860,urinary,0,0,0,0,,,0.0,-inf,inf
861,urinate,0,0,0,0,,,0.0,-inf,inf
862,urine,0,0,0,0,,,0.0,-inf,inf
863,usama,0,0,0,0,,,0.0,-inf,inf
864,uterus,0,0,0,0,,,0.0,-inf,inf
865,vaginal,1,5,2,6,0.16666666666666666,0.8333333333333334,0.0001793561115595014,-8.626137278405416,8.626137278405416
866,vatican,0,0,0,0,,,0.0,-inf,inf
867,vibr,0,6,2,6,0.0,1.0,0.0001793561115595014,-8.626137278405416,8.626137278405416
868,virgin,5,48,18,53,0.09433962264150944,0.9056603773584906,0.0016142050040355124,-6.428912701069197,6.428912701069197
869,vomit,3,5,3,8,0.375,0.625,0.0002690341673392521,-8.220672170297252,8.220672170297252
870,wab,0,3,1,3,0.0,1.0,8.96780557797507e-05,-9.319284458965361,9.319284458965361
871,wanker,0,0,0,0,,,0.0,-inf,inf
872,wanking,0,0,0,0,,,0.0,-inf,inf
873,waysted,0,0,0,0,,,0.0,-inf,inf
874,weapon,3,9,4,12,0.25,0.75,0.0003587122231190028,-7.9329900978454715,7.9329900978454715
875,weenie,0,9,1,9,0.0,1.0,8.96780557797507e-05,-9.319284458965361,9.319284458965361
876,weewee,0,0,0,0,,,0.0,-inf,inf
877,welcher,0,0,0,0,,,0.0,-inf,inf
878,welfare,6,9,5,15,0.4,0.6,0.0004483902788987535,-7.709846546531262,7.709846546531262
879,wetb,34,17,16,51,0.6666666666666666,0.3333333333333333,0.0014348488924760111,-6.546695736725581,6.546695736725581
880,wetspot,0,0,0,0,,,0.0,-inf,inf
881,whacker,0,3,1,3,0.0,1.0,8.96780557797507e-05,-9.319284458965361,9.319284458965361
882,whash,0,0,0,0,,,0.0,-inf,inf
883,whigger,5,10,5,15,0.3333333333333333,0.6666666666666666,0.0004483902788987535,-7.709846546531262,7.709846546531262
884,whiskey,1,2,1,3,0.3333333333333333,0.6666666666666666,8.96780557797507e-05,-9.319284458965361,9.319284458965361
885,whit,413,632,350,1045,0.3952153110047847,0.6047846889952153,0.031387319522912745,-3.4613513044819024,3.4613513044819024
886,whites,11,12,8,23,0.4782608695652174,0.5217391304347826,0.0007174244462380056,-7.239842917285526,7.239842917285526
887,whitey,45,21,20,66,0.6818181818181818,0.3181818181818182,0.001793561115595014,-6.323552185411371,6.323552185411371
888,whiz,0,3,1,3,0.0,1.0,8.96780557797507e-05,-9.319284458965361,9.319284458965361
889,whop,2,7,3,9,0.2222222222222222,0.7777777777777778,0.0002690341673392521,-8.220672170297252,8.220672170297252
890,wigger,10,25,13,35,0.2857142857142857,0.7142857142857143,0.001165814725136759,-6.754335101503825,6.754335101503825
891,willie,0,3,1,3,0.0,1.0,8.96780557797507e-05,-9.319284458965361,9.319284458965361
892,willy,4,20,8,24,0.16666666666666666,0.8333333333333334,0.0007174244462380056,-7.239842917285526,7.239842917285526
893,wn,220,2028,715,2248,0.09786476868327403,0.902135231316726,0.06411980988252175,-2.747001916271354,2.747001916271354
894,wog,0,0,0,0,,,0.0,-inf,inf
895,wop,7,43,16,50,0.14,0.86,0.0014348488924760111,-6.546695736725581,6.546695736725581
896,wtf,18,242,80,260,0.06923076923076923,0.9307692307692308,0.007174244462380056,-4.93725782429148,4.93725782429148
897,wuss,0,20,5,20,0.0,1.0,0.0004483902788987535,-7.709846546531262,7.709846546531262
898,wuzzie,0,0,0,0,,,0.0,-inf,inf
899,xtc,0,14,5,14,0.0,1.0,0.0004483902788987535,-7.709846546531262,7.709846546531262
900,yankee,0,0,0,0,,,0.0,-inf,inf
901,zigabo,0,0,0,0,,,0.0,-inf,inf
902,0rgasms,0,0,0,0,,,0.0,-inf,inf
903,4r5e,0,0,0,0,,,0.0,-inf,inf
904,4r5ed,0,0,0,0,,,0.0,-inf,inf
905,4r5es,0,0,0,0,,,0.0,-inf,inf
906,4skin,0,0,0,0,,,0.0,-inf,inf
907,5h17,0,0,0,0,,,0.0,-inf,inf
908,5h1t,0,0,0,0,,,0.0,-inf,inf
909,5kank,0,0,0,0,,,0.0,-inf,inf
910,abbie,0,3,1,3,0.0,1.0,8.96780557797507e-05,-9.319284458965361,9.319284458965361
911,abeed,0,0,0,0,,,0.0,-inf,inf
912,aboe,0,0,0,0,,,0.0,-inf,inf
913,ar5e,0,0,0,0,,,0.0,-inf,inf
914,ashole,0,0,0,0,,,0.0,-inf,inf
915,assface,0,0,0,0,,,0.0,-inf,inf
916,assfck,0,0,0,0,,,0.0,-inf,inf
917,assfk,0,0,0,0,,,0.0,-inf,inf
918,assfker,0,0,0,0,,,0.0,-inf,inf
919,assfkr,0,0,0,0,,,0.0,-inf,inf
920,assfook,0,0,0,0,,,0.0,-inf,inf
921,asshol3,0,0,0,0,,,0.0,-inf,inf
922,azz,15,117,41,132,0.11363636363636363,0.8863636363636364,0.0036768002869697787,-5.605712392261054,5.605712392261054
923,azzhole,0,0,0,0,,,0.0,-inf,inf
924,b00bz,0,0,0,0,,,0.0,-inf,inf
925,b0llock,0,0,0,0,,,0.0,-inf,inf
926,b17ch,0,0,0,0,,,0.0,-inf,inf
927,b1otch,0,0,0,0,,,0.0,-inf,inf
928,b1otchs,0,0,0,0,,,0.0,-inf,inf
929,b1tch,0,0,0,0,,,0.0,-inf,inf
930,b1tch35,0,0,0,0,,,0.0,-inf,inf
931,b1tch3s,0,0,0,0,,,0.0,-inf,inf
932,b1tches,0,0,0,0,,,0.0,-inf,inf
933,b1tchez,0,0,0,0,,,0.0,-inf,inf
934,b1tchin,0,0,0,0,,,0.0,-inf,inf
935,b1tchs,0,0,0,0,,,0.0,-inf,inf
936,b1tchy,0,0,0,0,,,0.0,-inf,inf
937,ballbag,0,0,0,0,,,0.0,-inf,inf
938,basterd,0,0,0,0,,,0.0,-inf,inf
939,bastid,0,0,0,0,,,0.0,-inf,inf
940,basturd,0,0,0,0,,,0.0,-inf,inf
941,bater,0,0,0,0,,,0.0,-inf,inf
942,bates,0,3,1,3,0.0,1.0,8.96780557797507e-05,-9.319284458965361,9.319284458965361
943,batshit,2,1,1,3,0.6666666666666666,0.3333333333333333,8.96780557797507e-05,-9.319284458965361,9.319284458965361
944,bbc,1,2,1,3,0.3333333333333333,0.6666666666666666,8.96780557797507e-05,-9.319284458965361,9.319284458965361
945,beeotch,0,3,1,3,0.0,1.0,8.96780557797507e-05,-9.319284458965361,9.319284458965361
946,bellend,0,0,0,0,,,0.0,-inf,inf
947,bender,0,5,2,5,0.0,1.0,0.0001793561115595014,-8.626137278405416,8.626137278405416
948,bewbs,0,0,0,0,,,0.0,-inf,inf
949,beyoch,0,0,0,0,,,0.0,-inf,inf
950,beyotch,0,0,0,0,,,0.0,-inf,inf
951,biches,0,0,0,0,,,0.0,-inf,inf
952,biotch,1,2,1,3,0.3333333333333333,0.6666666666666666,8.96780557797507e-05,-9.319284458965361,9.319284458965361
953,bishes,1,2,1,3,0.3333333333333333,0.6666666666666666,8.96780557797507e-05,-9.319284458965361,9.319284458965361
954,bitch3s,0,0,0,0,,,0.0,-inf,inf
955,bitched,0,6,2,6,0.0,1.0,0.0001793561115595014,-8.626137278405416,8.626137278405416
956,bitchs,0,9,3,9,0.0,1.0,0.0002690341673392521,-8.220672170297252,8.220672170297252
957,bizzach,0,0,0,0,,,0.0,-inf,inf
958,BJ,5,46,18,51,0.09803921568627451,0.9019607843137255,0.0016142050040355124,-6.428912701069197,6.428912701069197
959,blacky,0,0,0,0,,,0.0,-inf,inf
960,boll0ck,0,0,0,0,,,0.0,-inf,inf
961,bollox,0,0,0,0,,,0.0,-inf,inf
962,breasts,0,5,2,5,0.0,1.0,0.0001793561115595014,-8.626137278405416,8.626137278405416
963,bullshi,16,120,42,136,0.11764705882352941,0.8823529411764706,0.003766478342749529,-5.581614840681993,5.581614840681993
964,bumhole,0,0,0,0,,,0.0,-inf,inf
965,bwc,0,0,0,0,,,0.0,-inf,inf
966,c00n,0,0,0,0,,,0.0,-inf,inf
967,c00nies,0,0,0,0,,,0.0,-inf,inf
968,c0ck,0,0,0,0,,,0.0,-inf,inf
969,c0cks,0,0,0,0,,,0.0,-inf,inf
970,c0x,0,0,0,0,,,0.0,-inf,inf
971,c0xux0r,0,0,0,0,,,0.0,-inf,inf
972,caaak,0,0,0,0,,,0.0,-inf,inf
973,caca,0,0,0,0,,,0.0,-inf,inf
974,cack,0,0,0,0,,,0.0,-inf,inf
975,cagone,0,0,0,0,,,0.0,-inf,inf
976,cajones,0,0,0,0,,,0.0,-inf,inf
977,cawk,0,0,0,0,,,0.0,-inf,inf
978,cawks,0,0,0,0,,,0.0,-inf,inf
979,ch1nk,0,0,0,0,,,0.0,-inf,inf
980,chocha,0,0,0,0,,,0.0,-inf,inf
981,cholo,3,23,8,26,0.11538461538461539,0.8846153846153846,0.0007174244462380056,-7.239842917285526,7.239842917285526
982,cockboy,0,0,0,0,,,0.0,-inf,inf
983,cockhed,0,0,0,0,,,0.0,-inf,inf
984,cocksuk,0,0,0,0,,,0.0,-inf,inf
985,cocsuck,0,0,0,0,,,0.0,-inf,inf
986,coon1es,0,0,0,0,,,0.0,-inf,inf
987,cooni3s,0,0,0,0,,,0.0,-inf,inf
988,coonie,0,0,0,0,,,0.0,-inf,inf
989,coonies,0,0,0,0,,,0.0,-inf,inf
990,coot,0,14,4,14,0.0,1.0,0.0003587122231190028,-7.9329900978454715,7.9329900978454715
991,cooter,0,3,1,3,0.0,1.0,8.96780557797507e-05,-9.319284458965361,9.319284458965361
992,cooties,0,6,1,6,0.0,1.0,8.96780557797507e-05,-9.319284458965361,9.319284458965361
993,crotchy,0,0,0,0,,,0.0,-inf,inf
994,crow,9,66,24,75,0.12,0.88,0.0021522733387140166,-6.141230628617416,6.141230628617416
995,crows,0,4,2,4,0.0,1.0,0.0001793561115595014,-8.626137278405416,8.626137278405416
996,cumball,0,0,0,0,,,0.0,-inf,inf
997,cums,0,15,4,15,0.0,1.0,0.0003587122231190028,-7.9329900978454715,7.9329900978454715
998,cumslut,0,0,0,0,,,0.0,-inf,inf
999,cumz,0,0,0,0,,,0.0,-inf,inf
1000,cuntbag,0,0,0,0,,,0.0,-inf,inf
1001,cuntits,0,0,0,0,,,0.0,-inf,inf
1002,cunts,27,123,45,150,0.18,0.82,0.004035512510088781,-5.512621969195042,5.512621969195042
1003,cunty,0,0,0,0,,,0.0,-inf,inf
1004,cuntz,0,0,0,0,,,0.0,-inf,inf
1005,cuunt,0,3,1,3,0.0,1.0,8.96780557797507e-05,-9.319284458965361,9.319284458965361
1006,d1ck,0,0,0,0,,,0.0,-inf,inf
1007,d1cks,0,0,0,0,,,0.0,-inf,inf
1008,d1ckz,0,0,0,0,,,0.0,-inf,inf
1009,d1ldo,0,0,0,0,,,0.0,-inf,inf
1010,dafuq,0,0,0,0,,,0.0,-inf,inf
1011,darkass,0,0,0,0,,,0.0,-inf,inf
1012,dicks,9,36,14,45,0.2,0.8,0.0012554927809165098,-6.680227129350103,6.680227129350103
1013,dickvag,0,0,0,0,,,0.0,-inf,inf
1014,dickz,0,0,0,0,,,0.0,-inf,inf
1015,dikhead,0,0,0,0,,,0.0,-inf,inf
1016,diks,0,0,0,0,,,0.0,-inf,inf
1017,dild0,0,0,0,0,,,0.0,-inf,inf
1018,dipsh1t,0,0,0,0,,,0.0,-inf,inf
1019,dipshat,0,0,0,0,,,0.0,-inf,inf
1020,dlck,0,0,0,0,,,0.0,-inf,inf
1021,dlcks,0,0,0,0,,,0.0,-inf,inf
1022,dogsh1t,0,0,0,0,,,0.0,-inf,inf
1023,dogshit,0,0,0,0,,,0.0,-inf,inf
1024,dolt,0,2,1,2,0.0,1.0,8.96780557797507e-05,-9.319284458965361,9.319284458965361
1025,doosh,0,0,0,0,,,0.0,-inf,inf
1026,dothead,0,0,0,0,,,0.0,-inf,inf
1027,douche,12,24,12,36,0.3333333333333333,0.6666666666666666,0.0010761366693570083,-6.8343778091773615,6.8343778091773615
1028,f0ck,0,0,0,0,,,0.0,-inf,inf
1029,f0cked,0,0,0,0,,,0.0,-inf,inf
1030,f0cker,0,0,0,0,,,0.0,-inf,inf
1031,f0ckers,0,0,0,0,,,0.0,-inf,inf
1032,fack,0,0,0,0,,,0.0,-inf,inf
1033,fackuhs,0,0,0,0,,,0.0,-inf,inf
1034,fagbag,0,0,0,0,,,0.0,-inf,inf
1035,faghag,0,0,0,0,,,0.0,-inf,inf
1036,fag0t,0,0,0,0,,,0.0,-inf,inf
1037,faget,0,9,3,9,0.0,1.0,0.0002690341673392521,-8.220672170297252,8.220672170297252
1038,fagg0t,0,0,0,0,,,0.0,-inf,inf
1039,faggo,767,881,533,1648,0.4654126213592233,0.5345873786407767,0.04779840373060712,-3.040763034799517,3.040763034799517
1040,faggots,175,167,109,342,0.5116959064327485,0.48830409356725146,0.009774908079992825,-4.627936576736218,4.627936576736218
1041,faggs,1,2,1,3,0.3333333333333333,0.6666666666666666,8.96780557797507e-05,-9.319284458965361,9.319284458965361
1042,faggy,0,0,0,0,,,0.0,-inf,inf
1043,fags,96,112,67,208,0.46153846153846156,0.5384615384615384,0.006008429737243297,-5.114591839574396,5.114591839574396
1044,fagshit,0,0,0,0,,,0.0,-inf,inf
1045,fccuker,0,0,0,0,,,0.0,-inf,inf
1046,fck,9,96,30,105,0.08571428571428572,0.9142857142857143,0.0026903416733925207,-5.918087077303206,5.918087077303206
1047,fckyou,0,0,0,0,,,0.0,-inf,inf
1048,fcka,0,0,0,0,,,0.0,-inf,inf
1049,fckahz,0,0,0,0,,,0.0,-inf,inf
1050,fcked,0,0,0,0,,,0.0,-inf,inf
1051,fckedup,0,0,0,0,,,0.0,-inf,inf
1052,fcker,0,0,0,0,,,0.0,-inf,inf
1053,fckin,1,5,2,6,0.16666666666666666,0.8333333333333334,0.0001793561115595014,-8.626137278405416,8.626137278405416
1054,fcking,0,0,0,0,,,0.0,-inf,inf
1055,Fckk,0,0,0,0,,,0.0,-inf,inf
1056,fckked,0,0,0,0,,,0.0,-inf,inf
1057,fckking,0,0,0,0,,,0.0,-inf,inf
1058,fcks,0,0,0,0,,,0.0,-inf,inf
1059,fcktard,0,0,0,0,,,0.0,-inf,inf
1060,fckyeah,0,0,0,0,,,0.0,-inf,inf
1061,fcuk,0,0,0,0,,,0.0,-inf,inf
1062,fcuked,0,0,0,0,,,0.0,-inf,inf
1063,fcuker,0,0,0,0,,,0.0,-inf,inf
1064,fcukers,0,0,0,0,,,0.0,-inf,inf
1065,fcuking,0,0,0,0,,,0.0,-inf,inf
1066,fcukker,0,0,0,0,,,0.0,-inf,inf
1067,fcuks,0,0,0,0,,,0.0,-inf,inf
1068,fcvking,0,0,0,0,,,0.0,-inf,inf
1069,feck,0,0,0,0,,,0.0,-inf,inf
1070,fecker,0,0,0,0,,,0.0,-inf,inf
1071,feg,0,0,0,0,,,0.0,-inf,inf
1072,fick,0,0,0,0,,,0.0,-inf,inf
1073,finger,7,129,43,136,0.051470588235294115,0.9485294117647058,0.00385615639852928,-5.5580843432717995,5.5580843432717995
1074,fkbny,0,0,0,0,,,0.0,-inf,inf
1075,fked,0,0,0,0,,,0.0,-inf,inf
1076,fker,0,0,0,0,,,0.0,-inf,inf
1077,fking,0,3,1,3,0.0,1.0,8.96780557797507e-05,-9.319284458965361,9.319284458965361
1078,fkings,0,0,0,0,,,0.0,-inf,inf
1079,fkker,0,0,0,0,,,0.0,-inf,inf
1080,flamer,0,0,0,0,,,0.0,-inf,inf
1081,flamers,0,0,0,0,,,0.0,-inf,inf
1082,focker,0,0,0,0,,,0.0,-inf,inf
1083,fook,0,0,0,0,,,0.0,-inf,inf
1084,fooker,0,0,0,0,,,0.0,-inf,inf
1085,fookuh,0,0,0,0,,,0.0,-inf,inf
1086,forked,0,0,0,0,,,0.0,-inf,inf
1087,fucc,27,124,49,151,0.17880794701986755,0.8211920529801324,0.004394224733207784,-5.427464160854735,5.427464160854735
1088,fucca,0,0,0,0,,,0.0,-inf,inf
1089,fuccers,0,0,0,0,,,0.0,-inf,inf
1090,fuccing,5,19,8,24,0.20833333333333334,0.7916666666666666,0.0007174244462380056,-7.239842917285526,7.239842917285526
1091,fuccs,0,0,0,0,,,0.0,-inf,inf
1092,Fuck,208,970,361,1178,0.1765704584040747,0.8234295415959253,0.03237377813649,-3.430406500632481,3.430406500632481
1093,fuckup,0,0,0,0,,,0.0,-inf,inf
1094,fuckahs,0,3,1,3,0.0,1.0,8.96780557797507e-05,-9.319284458965361,9.319284458965361
1095,fuckass,0,0,0,0,,,0.0,-inf,inf
1096,fuckaz,0,0,0,0,,,0.0,-inf,inf
1097,fuckboy,4,8,4,12,0.3333333333333333,0.6666666666666666,0.0003587122231190028,-7.9329900978454715,7.9329900978454715
1098,fuckem,0,3,1,3,0.0,1.0,8.96780557797507e-05,-9.319284458965361,9.319284458965361
1099,fuckk,1,34,11,35,0.02857142857142857,0.9714285714285714,0.0009864586135772577,-6.921389186166992,6.921389186166992
1100,fuckup,0,0,0,0,,,0.0,-inf,inf
1101,fuckwad,0,0,0,0,,,0.0,-inf,inf
1102,fucs,0,0,0,0,,,0.0,-inf,inf
1103,fucx,0,0,0,0,,,0.0,-inf,inf
1104,fugged,0,0,0,0,,,0.0,-inf,inf
1105,fugger,0,0,0,0,,,0.0,-inf,inf
1106,fuggerz,0,0,0,0,,,0.0,-inf,inf
1107,fuk1n,0,0,0,0,,,0.0,-inf,inf
1108,fuk1ng,0,0,0,0,,,0.0,-inf,inf
1109,fukcs,0,0,0,0,,,0.0,-inf,inf
1110,fuker,0,0,0,0,,,0.0,-inf,inf
1111,fukin,1,26,7,27,0.037037037037037035,0.9629629629629629,0.0006277463904582549,-7.373374309910049,7.373374309910049
1112,fuking,0,3,1,3,0.0,1.0,8.96780557797507e-05,-9.319284458965361,9.319284458965361
1113,fukk,1,7,3,8,0.125,0.875,0.0002690341673392521,-8.220672170297252,8.220672170297252
1114,fukka,0,0,0,0,,,0.0,-inf,inf
1115,fukked,0,0,0,0,,,0.0,-inf,inf
1116,fukker,0,0,0,0,,,0.0,-inf,inf
1117,fukkers,0,0,0,0,,,0.0,-inf,inf
1118,fukking,0,0,0,0,,,0.0,-inf,inf
1119,fukkuh,0,0,0,0,,,0.0,-inf,inf
1120,fuku,0,0,0,0,,,0.0,-inf,inf
1121,fukwit,0,0,0,0,,,0.0,-inf,inf
1122,funbags,0,0,0,0,,,0.0,-inf,inf
1123,fuq,1,23,8,24,0.041666666666666664,0.9583333333333334,0.0007174244462380056,-7.239842917285526,7.239842917285526
1124,fux,1,20,6,21,0.047619047619047616,0.9523809523809523,0.0005380683346785041,-7.527524989737307,7.527524989737307
1125,fux0r,0,0,0,0,,,0.0,-inf,inf
1126,fvck,0,17,6,17,0.0,1.0,0.0005380683346785041,-7.527524989737307,7.527524989737307
1127,fvcka,0,0,0,0,,,0.0,-inf,inf
1128,fvcker,0,0,0,0,,,0.0,-inf,inf
1129,fvckers,0,0,0,0,,,0.0,-inf,inf
1130,fvckin,0,3,1,3,0.0,1.0,8.96780557797507e-05,-9.319284458965361,9.319284458965361
1131,fvcking,0,0,0,0,,,0.0,-inf,inf
1132,fvckker,0,0,0,0,,,0.0,-inf,inf
1133,fvckwhi,0,0,0,0,,,0.0,-inf,inf
1134,fxck,2,13,4,15,0.13333333333333333,0.8666666666666667,0.0003587122231190028,-7.9329900978454715,7.9329900978454715
1135,fxcked,0,0,0,0,,,0.0,-inf,inf
1136,fxcker,0,0,0,0,,,0.0,-inf,inf
1137,fxcking,0,0,0,0,,,0.0,-inf,inf
1138,g0ddamn,0,0,0,0,,,0.0,-inf,inf
1139,gaylord,0,0,0,0,,,0.0,-inf,inf
1140,gaytard,0,0,0,0,,,0.0,-inf,inf
1141,geebag,0,0,0,0,,,0.0,-inf,inf
1142,gowl,0,0,0,0,,,0.0,-inf,inf
1143,greaser,0,0,0,0,,,0.0,-inf,inf
1144,groid,0,0,0,0,,,0.0,-inf,inf
1145,groper,0,0,0,0,,,0.0,-inf,inf
1146,higg3r,0,0,0,0,,,0.0,-inf,inf
1147,higga,0,0,0,0,,,0.0,-inf,inf
1148,higger,5,10,5,15,0.3333333333333333,0.6666666666666666,0.0004483902788987535,-7.709846546531262,7.709846546531262
1149,higgers,3,6,3,9,0.3333333333333333,0.6666666666666666,0.0002690341673392521,-8.220672170297252,8.220672170297252
1150,hoar,0,0,0,0,,,0.0,-inf,inf
1151,hoe,801,12135,4028,12936,0.061920222634508346,0.9380797773654916,0.3612232086808358,-1.018259205126909,1.018259205126909
1152,hoebag,0,0,0,0,,,0.0,-inf,inf
1153,homos,4,11,5,15,0.26666666666666666,0.7333333333333333,0.0004483902788987535,-7.709846546531262,7.709846546531262
1154,injun,1,2,1,3,0.3333333333333333,0.6666666666666666,8.96780557797507e-05,-9.319284458965361,9.319284458965361
1155,j3rk,0,0,0,0,,,0.0,-inf,inf
1156,jagoff,0,0,0,0,,,0.0,-inf,inf
1157,jewboy,0,0,0,0,,,0.0,-inf,inf
1158,jiggabu,0,0,0,0,,,0.0,-inf,inf
1159,jiggas,1,2,1,3,0.3333333333333333,0.6666666666666666,8.96780557797507e-05,-9.319284458965361,9.319284458965361
1160,jiggs,0,0,0,0,,,0.0,-inf,inf
1161,jigro,0,0,0,0,,,0.0,-inf,inf
1162,jizzed,0,0,0,0,,,0.0,-inf,inf
1163,jizzes,0,0,0,0,,,0.0,-inf,inf
1164,jizzing,0,0,0,0,,,0.0,-inf,inf
1165,jizzy,0,0,0,0,,,0.0,-inf,inf
1166,k1k3,0,0,0,0,,,0.0,-inf,inf
1167,kikes,1,2,1,3,0.3333333333333333,0.6666666666666666,8.96780557797507e-05,-9.319284458965361,9.319284458965361
1168,klan,0,3,1,3,0.0,1.0,8.96780557797507e-05,-9.319284458965361,9.319284458965361
1169,knob,2,5,3,7,0.2857142857142857,0.7142857142857143,0.0002690341673392521,-8.220672170297252,8.220672170297252
1170,knob3d,0,0,0,0,,,0.0,-inf,inf
1171,knob3nd,0,0,0,0,,,0.0,-inf,inf
1172,knobd,0,0,0,0,,,0.0,-inf,inf
1173,knobe,0,0,0,0,,,0.0,-inf,inf
1174,knobead,0,0,0,0,,,0.0,-inf,inf
1175,knobed,0,0,0,0,,,0.0,-inf,inf
1176,knobeds,0,0,0,0,,,0.0,-inf,inf
1177,knobend,0,0,0,0,,,0.0,-inf,inf
1178,knober,0,0,0,0,,,0.0,-inf,inf
1179,knobes,0,0,0,0,,,0.0,-inf,inf
1180,l3itch,0,0,0,0,,,0.0,-inf,inf
1181,ladboys,0,0,0,0,,,0.0,-inf,inf
1182,ladboyz,0,0,0,0,,,0.0,-inf,inf
1183,ladiboy,0,0,0,0,,,0.0,-inf,inf
1184,ladyb0i,0,0,0,0,,,0.0,-inf,inf
1185,ladyb0y,0,0,0,0,,,0.0,-inf,inf
1186,ladyboy,0,0,0,0,,,0.0,-inf,inf
1187,m0f0,0,0,0,0,,,0.0,-inf,inf
1188,m0f0s,0,0,0,0,,,0.0,-inf,inf
1189,m0fo,0,0,0,0,,,0.0,-inf,inf
1190,m0foes,0,0,0,0,,,0.0,-inf,inf
1191,m0fos,0,0,0,0,,,0.0,-inf,inf
1192,manseed,0,0,0,0,,,0.0,-inf,inf
1193,mfckers,0,0,0,0,,,0.0,-inf,inf
1194,MFer,0,3,1,3,0.0,1.0,8.96780557797507e-05,-9.319284458965361,9.319284458965361
1195,MFers,0,0,0,0,,,0.0,-inf,inf
1196,mfing,0,0,0,0,,,0.0,-inf,inf
1197,mfk,2,4,2,6,0.3333333333333333,0.6666666666666666,0.0001793561115595014,-8.626137278405416,8.626137278405416
1198,mfs,0,28,9,28,0.0,1.0,0.0008071025020177562,-7.122059881629142,7.122059881629142
1199,mfukk,0,0,0,0,,,0.0,-inf,inf
1200,mfukker,0,0,0,0,,,0.0,-inf,inf
1201,mof0es,0,0,0,0,,,0.0,-inf,inf
1202,mof0s,0,0,0,0,,,0.0,-inf,inf
1203,mofcker,0,0,0,0,,,0.0,-inf,inf
1204,mofoes,0,0,0,0,,,0.0,-inf,inf
1205,mofos,1,8,3,9,0.1111111111111111,0.8888888888888888,0.0002690341673392521,-8.220672170297252,8.220672170297252
1206,mofuck,0,0,0,0,,,0.0,-inf,inf
1207,mofuk,0,0,0,0,,,0.0,-inf,inf
1208,mongrel,2,1,1,3,0.6666666666666666,0.3333333333333333,8.96780557797507e-05,-9.319284458965361,9.319284458965361
1209,n0bhead,0,0,0,0,,,0.0,-inf,inf
1210,n1ckker,0,0,0,0,,,0.0,-inf,inf
1211,n1g3r,0,0,0,0,,,0.0,-inf,inf
1212,n1g3rz,0,0,0,0,,,0.0,-inf,inf
1213,n1gg3r,0,0,0,0,,,0.0,-inf,inf
1214,n1gg3rs,0,0,0,0,,,0.0,-inf,inf
1215,n1gga,0,3,1,3,0.0,1.0,8.96780557797507e-05,-9.319284458965361,9.319284458965361
1216,n1ggah,0,0,0,0,,,0.0,-inf,inf
1217,n1ggahs,0,0,0,0,,,0.0,-inf,inf
1218,n1ggas,0,0,0,0,,,0.0,-inf,inf
1219,n1gger,0,0,0,0,,,0.0,-inf,inf
1220,n1ggers,0,0,0,0,,,0.0,-inf,inf
1221,n1gguh,0,0,0,0,,,0.0,-inf,inf
1222,n3gro,0,0,0,0,,,0.0,-inf,inf
1223,negga,0,0,0,0,,,0.0,-inf,inf
1224,neggar,0,0,0,0,,,0.0,-inf,inf
1225,negr0,0,0,0,0,,,0.0,-inf,inf
1226,niccer,0,0,0,0,,,0.0,-inf,inf
1227,nicka,0,3,1,3,0.0,1.0,8.96780557797507e-05,-9.319284458965361,9.319284458965361
1228,nickas,0,0,0,0,,,0.0,-inf,inf
1229,nicker,0,5,2,5,0.0,1.0,0.0001793561115595014,-8.626137278405416,8.626137278405416
1230,nickk3r,0,0,0,0,,,0.0,-inf,inf
1231,nickker,0,0,0,0,,,0.0,-inf,inf
1232,niga,5,13,6,18,0.2777777777777778,0.7222222222222222,0.0005380683346785041,-7.527524989737307,7.527524989737307
1233,nigah,0,0,0,0,,,0.0,-inf,inf
1234,nigers,0,0,0,0,,,0.0,-inf,inf
1235,nigg3r,0,0,0,0,,,0.0,-inf,inf
1236,nigg3rs,0,0,0,0,,,0.0,-inf,inf
1237,nigg4h,0,0,0,0,,,0.0,-inf,inf
1238,nigg4hs,0,0,0,0,,,0.0,-inf,inf
1239,niggahs,14,74,23,88,0.1590909090909091,0.8409090909090909,0.002062595282934266,-6.183790243036213,6.183790243036213
1240,niggahz,0,0,0,0,,,0.0,-inf,inf
1241,niggas,395,1569,601,1964,0.20112016293279023,0.7988798370672098,0.05389651152363017,-2.9206895244301543,2.9206895244301543
1242,niggass,0,0,0,0,,,0.0,-inf,inf
1243,niggerz,0,0,0,0,,,0.0,-inf,inf
1244,niggir,0,0,0,0,,,0.0,-inf,inf
1245,nigguh,45,243,97,288,0.15625,0.84375,0.008698771410635818,-4.744573480461979,4.744573480461979
1246,nigguhs,0,15,5,15,0.0,1.0,0.0004483902788987535,-7.709846546531262,7.709846546531262
1247,nigguhz,0,0,0,0,,,0.0,-inf,inf
1248,nignigs,0,0,0,0,,,0.0,-inf,inf
1249,nigs,11,77,26,88,0.125,0.875,0.002331629450273518,-6.06118792094388,6.06118792094388
1250,niguh,0,0,0,0,,,0.0,-inf,inf
1251,nikk3r,0,0,0,0,,,0.0,-inf,inf
1252,nikkas,0,0,0,0,,,0.0,-inf,inf
1253,nikker,0,0,0,0,,,0.0,-inf,inf
1254,nobhead,0,0,0,0,,,0.0,-inf,inf
1255,nobs,0,0,0,0,,,0.0,-inf,inf
1256,nonce,0,0,0,0,,,0.0,-inf,inf
1257,nuckas,0,0,0,0,,,0.0,-inf,inf
1258,nutsack,0,0,0,0,,,0.0,-inf,inf
1259,pedo,0,4,2,4,0.0,1.0,0.0001793561115595014,-8.626137278405416,8.626137278405416
1260,pedophl,0,0,0,0,,,0.0,-inf,inf
1261,pedos,0,0,0,0,,,0.0,-inf,inf
1262,pedoz,0,0,0,0,,,0.0,-inf,inf
1263,peen,0,11,3,11,0.0,1.0,0.0002690341673392521,-8.220672170297252,8.220672170297252
1264,peener,0,0,0,0,,,0.0,-inf,inf
1265,phaggot,0,0,0,0,,,0.0,-inf,inf
1266,phagot,0,0,0,0,,,0.0,-inf,inf
1267,phags,0,0,0,0,,,0.0,-inf,inf
1268,phuc,1,5,2,6,0.16666666666666666,0.8333333333333334,0.0001793561115595014,-8.626137278405416,8.626137278405416
1269,phucc,0,0,0,0,,,0.0,-inf,inf
1270,phuccer,0,0,0,0,,,0.0,-inf,inf
1271,phuck,1,5,2,6,0.16666666666666666,0.8333333333333334,0.0001793561115595014,-8.626137278405416,8.626137278405416
1272,phuck3r,0,0,0,0,,,0.0,-inf,inf
1273,phucked,0,0,0,0,,,0.0,-inf,inf
1274,phucker,0,0,0,0,,,0.0,-inf,inf
1275,phuckin,0,0,0,0,,,0.0,-inf,inf
1276,phucks,0,0,0,0,,,0.0,-inf,inf
1277,phucup,0,0,0,0,,,0.0,-inf,inf
1278,phukeds,0,0,0,0,,,0.0,-inf,inf
1279,phukk,0,0,0,0,,,0.0,-inf,inf
1280,phukker,0,0,0,0,,,0.0,-inf,inf
1281,phuks,0,0,0,0,,,0.0,-inf,inf
1282,phuku,0,0,0,0,,,0.0,-inf,inf
1283,phukup,0,0,0,0,,,0.0,-inf,inf
1284,phuqs,0,0,0,0,,,0.0,-inf,inf
1285,pigshit,0,0,0,0,,,0.0,-inf,inf
1286,pricks,0,0,0,0,,,0.0,-inf,inf
1287,pu$sy,0,0,0,0,,,0.0,-inf,inf
1288,punani,0,0,0,0,,,0.0,-inf,inf
1289,pusses,1,2,1,3,0.3333333333333333,0.6666666666666666,8.96780557797507e-05,-9.319284458965361,9.319284458965361
1290,pussys,0,6,2,6,0.0,1.0,0.0001793561115595014,-8.626137278405416,8.626137278405416
1291,puta,0,3,1,3,0.0,1.0,8.96780557797507e-05,-9.319284458965361,9.319284458965361
1292,puussy,0,0,0,0,,,0.0,-inf,inf
1293,puzzies,0,0,0,0,,,0.0,-inf,inf
1294,puzzy,1,2,1,3,0.3333333333333333,0.6666666666666666,8.96780557797507e-05,-9.319284458965361,9.319284458965361
1295,r3tard,0,0,0,0,,,0.0,-inf,inf
1296,ragtard,0,0,0,0,,,0.0,-inf,inf
1297,rap3d,0,0,0,0,,,0.0,-inf,inf
1298,rap3,0,0,0,0,,,0.0,-inf,inf
1299,ramrod,0,0,0,0,,,0.0,-inf,inf
1300,baztad,0,0,0,0,,,0.0,-inf,inf
1301,redskin,6,37,16,43,0.13953488372093023,0.8604651162790697,0.0014348488924760111,-6.546695736725581,6.546695736725581
1302,retardo,0,0,0,0,,,0.0,-inf,inf
1303,rimjob,0,0,0,0,,,0.0,-inf,inf
1304,sack,5,28,11,33,0.15151515151515152,0.8484848484848485,0.0009864586135772577,-6.921389186166992,6.921389186166992
1305,sambo,0,0,0,0,,,0.0,-inf,inf
1306,scummy,0,0,0,0,,,0.0,-inf,inf
1307,scut,0,2,1,2,0.0,1.0,8.96780557797507e-05,-9.319284458965361,9.319284458965361
1308,sh1s,0,0,0,0,,,0.0,-inf,inf
1309,sh1t,0,3,1,3,0.0,1.0,8.96780557797507e-05,-9.319284458965361,9.319284458965361
1310,sh1t3,0,0,0,0,,,0.0,-inf,inf
1311,sh1te,0,0,0,0,,,0.0,-inf,inf
1312,sh1ts,0,0,0,0,,,0.0,-inf,inf
1313,sh1tt,0,0,0,0,,,0.0,-inf,inf
1314,sh1tty,0,0,0,0,,,0.0,-inf,inf
1315,sh3mal3,0,0,0,0,,,0.0,-inf,inf
1316,sh3male,0,0,0,0,,,0.0,-inf,inf
1317,sheeeet,0,0,0,0,,,0.0,-inf,inf
1318,sheet,4,28,8,32,0.125,0.875,0.0007174244462380056,-7.239842917285526,7.239842917285526
1319,shemal3,0,0,0,0,,,0.0,-inf,inf
1320,shet,3,9,4,12,0.25,0.75,0.0003587122231190028,-7.9329900978454715,7.9329900978454715
1321,shiat,0,0,0,0,,,0.0,-inf,inf
1322,shipdit,0,0,0,0,,,0.0,-inf,inf
1323,shit3,0,0,0,0,,,0.0,-inf,inf
1324,shitass,0,0,0,0,,,0.0,-inf,inf
1325,shitbag,0,3,1,3,0.0,1.0,8.96780557797507e-05,-9.319284458965361,9.319284458965361
1326,shitdip,0,0,0,0,,,0.0,-inf,inf
1327,shites,0,0,0,0,,,0.0,-inf,inf
1328,shitey,0,0,0,0,,,0.0,-inf,inf
1329,shitfck,0,0,0,0,,,0.0,-inf,inf
1330,shitfk,0,0,0,0,,,0.0,-inf,inf
1331,shitte,0,6,2,6,0.0,1.0,0.0001793561115595014,-8.626137278405416,8.626137278405416
1332,shitti,3,45,16,48,0.0625,0.9375,0.0014348488924760111,-6.546695736725581,6.546695736725581
1333,shlong,0,0,0,0,,,0.0,-inf,inf
1334,shmale,0,0,0,0,,,0.0,-inf,inf
1335,shtfuk,0,0,0,0,,,0.0,-inf,inf
1336,shylock,0,0,0,0,,,0.0,-inf,inf
1337,skanks,2,16,4,18,0.1111111111111111,0.8888888888888888,0.0003587122231190028,-7.9329900978454715,7.9329900978454715
1338,skankz,0,0,0,0,,,0.0,-inf,inf
1339,slag,0,0,0,0,,,0.0,-inf,inf
1340,slanty,0,0,0,0,,,0.0,-inf,inf
1341,slit,13,39,17,52,0.25,0.75,0.001524526948255762,-6.486071114909146,6.486071114909146
1342,soab,0,2,1,2,0.0,1.0,8.96780557797507e-05,-9.319284458965361,9.319284458965361
1343,spics,6,3,3,9,0.6666666666666666,0.3333333333333333,0.0002690341673392521,-8.220672170297252,8.220672170297252
1344,spix,0,0,0,0,,,0.0,-inf,inf
1345,stfu,49,203,83,252,0.19444444444444445,0.8055555555555556,0.007443278629719307,-4.900443851168764,4.900443851168764
1346,tadger,0,0,0,0,,,0.0,-inf,inf
1347,tart,61,614,206,675,0.09037037037037036,0.9096296296296297,0.01847367949062864,-3.991408290175781,3.991408290175781
1348,Tranny,0,0,0,0,,,0.0,-inf,inf
1349,twats,3,30,10,33,0.09090909090909091,0.9090909090909091,0.000896780557797507,-7.016699365971316,7.016699365971316
1350,twatt,0,0,0,0,,,0.0,-inf,inf
1351,vag,26,185,66,211,0.12322274881516587,0.8767772511848341,0.005918751681463546,-5.129629716938936,5.129629716938936
1352,w4nk3r,0,0,0,0,,,0.0,-inf,inf
1353,w4nker,0,0,0,0,,,0.0,-inf,inf
1354,wang,0,3,1,3,0.0,1.0,8.96780557797507e-05,-9.319284458965361,9.319284458965361
1355,wank3r,0,0,0,0,,,0.0,-inf,inf
1356,wank3rs,0,0,0,0,,,0.0,-inf,inf
1357,wanked,0,0,0,0,,,0.0,-inf,inf
1358,wankers,0,0,0,0,,,0.0,-inf,inf
1359,wankies,0,0,0,0,,,0.0,-inf,inf
1360,wanks,0,0,0,0,,,0.0,-inf,inf
1361,we1back,0,0,0,0,,,0.0,-inf,inf
1362,weiner,0,3,1,3,0.0,1.0,8.96780557797507e-05,-9.319284458965361,9.319284458965361
1363,wh0r3,0,0,0,0,,,0.0,-inf,inf
1364,wh0re,0,0,0,0,,,0.0,-inf,inf
1365,whoar,0,0,0,0,,,0.0,-inf,inf
1366,whoars,0,0,0,0,,,0.0,-inf,inf
1367,whor3,0,0,0,0,,,0.0,-inf,inf
1368,whores,6,12,6,18,0.3333333333333333,0.6666666666666666,0.0005380683346785041,-7.527524989737307,7.527524989737307
1369,wnker,0,0,0,0,,,0.0,-inf,inf
1370,wophead,0,0,0,0,,,0.0,-inf,inf
1371,jerk,4,19,8,23,0.17391304347826086,0.8260869565217391,0.0007174244462380056,-7.239842917285526,7.239842917285526
1372,bloody,2,15,6,17,0.11764705882352941,0.8823529411764706,0.0005380683346785041,-7.527524989737307,7.527524989737307
1373,fuckwit,0,0,0,0,,,0.0,-inf,inf
1374,pisspot,0,0,0,0,,,0.0,-inf,inf
1375,scumbag,3,3,2,6,0.5,0.5,0.0001793561115595014,-8.626137278405416,8.626137278405416
1376,smegma,0,0,0,0,,,0.0,-inf,inf
1377,lardass,0,0,0,0,,,0.0,-inf,inf
1378,sod,18,66,28,84,0.21428571428571427,0.7857142857142857,0.0025109855618330196,-5.987079948790158,5.987079948790158
1379,sodoff,0,0,0,0,,,0.0,-inf,inf
1380,shyt,0,30,9,30,0.0,1.0,0.0008071025020177562,-7.122059881629142,7.122059881629142
1381,fkk,0,0,0,0,,,0.0,-inf,inf
1382,sht,0,44,15,44,0.0,1.0,0.0013451708366962604,-6.611234257863152,6.611234257863152
1383,pss,1,8,3,9,0.1111111111111111,0.8888888888888888,0.0002690341673392521,-8.220672170297252,8.220672170297252
1384,btch,1,2,1,3,0.3333333333333333,0.6666666666666666,8.96780557797507e-05,-9.319284458965361,9.319284458965361
1385,cck,1,20,6,21,0.047619047619047616,0.9523809523809523,0.0005380683346785041,-7.527524989737307,7.527524989737307
1386,cnt,0,3,1,3,0.0,1.0,8.96780557797507e-05,-9.319284458965361,9.319284458965361
1387,pssy,1,2,1,3,0.3333333333333333,0.6666666666666666,8.96780557797507e-05,-9.319284458965361,9.319284458965361
1388,dam,109,999,344,1108,0.0983754512635379,0.9016245487364621,0.03084925118823424,-3.4786428015919637,3.4786428015919637
1389,dmn,0,0,0,0,,,0.0,-inf,inf
1390,bish,7,31,12,38,0.18421052631578946,0.8157894736842105,0.0010761366693570083,-6.8343778091773615,6.8343778091773615
1391,bzitch,0,0,0,0,,,0.0,-inf,inf
1392,p0rn,1,2,1,3,0.3333333333333333,0.6666666666666666,8.96780557797507e-05,-9.319284458965361,9.319284458965361
1393,fagit,0,0,0,0,,,0.0,-inf,inf
1394,fggt,0,0,0,0,,,0.0,-inf,inf
1395,prck,0,0,0,0,,,0.0,-inf,inf
1396,ars,73,588,208,661,0.11043872919818457,0.8895612708018155,0.018653035602188145,-3.981746379264044,3.981746379264044
1397,bstrd,0,0,0,0,,,0.0,-inf,inf
1398,fckr,0,0,0,0,,,0.0,-inf,inf
1399,fckn,0,18,6,18,0.0,1.0,0.0005380683346785041,-7.527524989737307,7.527524989737307
1400,dck,0,0,0,0,,,0.0,-inf,inf
1401,prckr,0,0,0,0,,,0.0,-inf,inf
1402,knt,0,0,0,0,,,0.0,-inf,inf
1403,cnnt,0,0,0,0,,,0.0,-inf,inf
1404,cumface,0,0,0,0,,,0.0,-inf,inf
1405,cumhole,0,0,0,0,,,0.0,-inf,inf
1406,slutbag,0,0,0,0,,,0.0,-inf,inf
1407,gooch,0,0,0,0,,,0.0,-inf,inf
1408,nutjob,0,3,1,3,0.0,1.0,8.96780557797507e-05,-9.319284458965361,9.319284458965361
1409,numpty,0,0,0,0,,,0.0,-inf,inf
1410,twit,28,445,154,473,0.05919661733615222,0.9408033826638478,0.013810420590081607,-4.282331856551733,4.282331856551733
1411,twunt,0,0,0,0,,,0.0,-inf,inf
1412,trollop,0,0,0,0,,,0.0,-inf,inf
1413,scrote,0,0,0,0,,,0.0,-inf,inf
1414,cumrag,0,0,0,0,,,0.0,-inf,inf
1415,pissrag,0,0,0,0,,,0.0,-inf,inf
1416,cumdump,0,0,0,0,,,0.0,-inf,inf
1417,fucknut,0,0,0,0,,,0.0,-inf,inf
1418,abid,0,3,1,3,0.0,1.0,8.96780557797507e-05,-9.319284458965361,9.319284458965361
1419,Arabian,0,0,0,0,,,0.0,-inf,inf
1420,armo,7,45,16,52,0.1346153846153846,0.8653846153846154,0.0014348488924760111,-6.546695736725581,6.546695736725581
1421,aseng,0,3,1,3,0.0,1.0,8.96780557797507e-05,-9.319284458965361,9.319284458965361
1422,banana,1,17,6,18,0.05555555555555555,0.9444444444444444,0.0005380683346785041,-7.527524989737307,7.527524989737307
1423,brownie,0,43,16,43,0.0,1.0,0.0014348488924760111,-6.546695736725581,6.546695736725581
1424,chotara,0,0,0,0,,,0.0,-inf,inf
1425,kyotara,0,0,0,0,,,0.0,-inf,inf
1426,chukhna,0,0,0,0,,,0.0,-inf,inf
1427,churka,0,0,0,0,,,0.0,-inf,inf
1428,coconut,0,3,1,3,0.0,1.0,8.96780557797507e-05,-9.319284458965361,9.319284458965361
1429,cracker,73,117,62,190,0.38421052631578945,0.6157894736842106,0.005560039458344543,-5.192150073920271,5.192150073920271
1430,crucco,0,0,0,0,,,0.0,-inf,inf
1431,descent,0,0,0,0,,,0.0,-inf,inf
1432,dogun,0,0,0,0,,,0.0,-inf,inf
1433,eyetie,0,0,0,0,,,0.0,-inf,inf
1434,fenian,0,0,0,0,,,0.0,-inf,inf
1435,flip,13,69,27,82,0.15853658536585366,0.8414634146341463,0.002421307506053269,-6.023447592961032,6.023447592961032
1436,fritz,0,0,0,0,,,0.0,-inf,inf
1437,gabacho,0,0,0,0,,,0.0,-inf,inf
1438,gaijin,0,0,0,0,,,0.0,-inf,inf
1439,gammon,0,0,0,0,,,0.0,-inf,inf
1440,godon,0,0,0,0,,,0.0,-inf,inf
1441,gub,0,0,0,0,,,0.0,-inf,inf
1442,guiri,0,0,0,0,,,0.0,-inf,inf
1443,guido,0,5,2,5,0.0,1.0,0.0001793561115595014,-8.626137278405416,8.626137278405416
1444,guinea,0,8,3,8,0.0,1.0,0.0002690341673392521,-8.220672170297252,8.220672170297252
1445,gusano,0,0,0,0,,,0.0,-inf,inf
1446,gweilo,0,0,0,0,,,0.0,-inf,inf
1447,gwer,0,0,0,0,,,0.0,-inf,inf
1448,haji,3,0,1,3,1.0,0.0,8.96780557797507e-05,-9.319284458965361,9.319284458965361
1449,Madrasi,0,0,0,0,,,0.0,-inf,inf
1450,mambet,0,0,0,0,,,0.0,-inf,inf
1451,mamluk,0,0,0,0,,,0.0,-inf,inf
1452,hick,55,551,197,606,0.09075907590759076,0.9092409240924092,0.017666576988610887,-4.036080730227373,4.036080730227373
1453,honkie,7,26,12,33,0.21212121212121213,0.7878787878787878,0.0010761366693570083,-6.8343778091773615,6.8343778091773615
1454,hun,36,351,125,387,0.09302325581395349,0.9069767441860465,0.011209756972468838,-4.490970721663061,4.490970721663061
1455,jerry,3,13,5,16,0.1875,0.8125,0.0004483902788987535,-7.709846546531262,7.709846546531262
1456,kalar,0,0,0,0,,,0.0,-inf,inf
1457,kalu,0,0,0,0,,,0.0,-inf,inf
1458,kalia,0,0,0,0,,,0.0,-inf,inf
1459,kallu,0,0,0,0,,,0.0,-inf,inf
1460,kebab,0,0,0,0,,,0.0,-inf,inf
1461,labas,0,0,0,0,,,0.0,-inf,inf
1462,laowai,0,0,0,0,,,0.0,-inf,inf
1463,locust,0,0,0,0,,,0.0,-inf,inf
1464,mayate,0,0,0,0,,,0.0,-inf,inf
1465,mick,0,14,5,14,0.0,1.0,0.0004483902788987535,-7.709846546531262,7.709846546531262
1466,mocro,0,0,0,0,,,0.0,-inf,inf
1467,paddy,0,0,0,0,,,0.0,-inf,inf
1468,pancake,1,14,5,15,0.06666666666666667,0.9333333333333333,0.0004483902788987535,-7.709846546531262,7.709846546531262
1469,riots,2,3,2,5,0.4,0.6,0.0001793561115595014,-8.626137278405416,8.626137278405416
1470,sawney,0,0,0,0,,,0.0,-inf,inf
1471,Teague,0,0,0,0,,,0.0,-inf,inf
1472,ghetto,58,358,153,416,0.13942307692307693,0.8605769230769231,0.013720742534301856,-4.288846537572926,4.288846537572926
1473,taig,0,0,0,0,,,0.0,-inf,inf
1474,bomber,0,0,0,0,,,0.0,-inf,inf
1475,wasian,0,0,0,0,,,0.0,-inf,inf
1476,zip,4,14,6,18,0.2222222222222222,0.7777777777777778,0.0005380683346785041,-7.527524989737307,7.527524989737307
1477,88,46,378,134,424,0.10849056603773585,0.8915094339622641,0.012016859474486594,-4.42144465901445,4.42144465901445
1478,fk,15,34,15,49,0.30612244897959184,0.6938775510204082,0.0013451708366962604,-6.611234257863152,6.611234257863152
1479,fkr,0,0,0,0,,,0.0,-inf,inf
1480,fker,0,0,0,0,,,0.0,-inf,inf
1481,1488,11,1,4,12,0.9166666666666666,0.08333333333333333,0.0003587122231190028,-7.9329900978454715,7.9329900978454715
1482,14,340,4315,1462,4655,0.07303974221267455,0.9269602577873255,0.13110931754999552,-2.031723818655638,2.031723818655638
1483,GTFO,1,11,4,12,0.08333333333333333,0.9166666666666666,0.0003587122231190028,-7.9329900978454715,7.9329900978454715
1484,H8,7,50,19,57,0.12280701754385964,0.8771929824561403,0.0017038830598152632,-6.374845479798921,6.374845479798921
1485,DGAF,1,25,8,26,0.038461538461538464,0.9615384615384616,0.0007174244462380056,-7.239842917285526,7.239842917285526
1486,LMAO,10,112,40,122,0.08196721311475409,0.9180327868852459,0.003587122231190028,-5.630405004851426,5.630405004851426
1487,LMFAO,17,97,37,114,0.14912280701754385,0.8508771929824561,0.0033180880638507756,-5.7083665463211375,5.7083665463211375
1488,WTF,5,24,10,29,0.1724137931034483,0.8275862068965517,0.000896780557797507,-7.016699365971316,7.016699365971316
1489,AK,13,136,48,149,0.087248322147651,0.912751677852349,0.004304546677428033,-5.448083448057471,5.448083448057471
1490,AK47,0,0,0,0,,,0.0,-inf,inf
1491,gun,22,154,54,176,0.125,0.875,0.004842615012106538,-5.330300412401088,5.330300412401088
1492,guns,7,34,14,41,0.17073170731707318,0.8292682926829268,0.0012554927809165098,-6.680227129350103,6.680227129350103
