nospace,hate_speech,offensive_language,count_words,total_rating,hate_out_tot,offense_out_tot,count_perc,log_count,pos_log
anal,3,30,10,33,0.09090909090909091,0.9090909090909091,0.000896780557797507,-7.016699365971316,7.016699365971316
anus,0,15,4,15,0.0,1.0,0.0003587122231190028,-7.9329900978454715,7.9329900978454715
apeshit,0,0,0,0,,,0.0,-inf,inf
ass,793,5362,1923,6155,0.12883834281072298,0.871161657189277,0.17245090126446058,-1.7576427133765822,1.7576427133765822
asshole,29,110,44,139,0.20863309352517986,0.7913669064748201,0.003945834454309031,-5.535094825047101,5.535094825047101
bangbus,0,0,0,0,,,0.0,-inf,inf
bastard,11,13,8,24,0.4583333333333333,0.5416666666666666,0.0007174244462380056,-7.239842917285526,7.239842917285526
bbw,0,3,1,3,0.0,1.0,8.96780557797507e-05,-9.319284458965361,9.319284458965361
bdsm,0,0,0,0,,,0.0,-inf,inf
beaner,42,34,28,76,0.5526315789473685,0.4473684210526316,0.0025109855618330196,-5.987079948790158,5.987079948790158
beaners,14,13,10,27,0.5185185185185185,0.48148148148148145,0.000896780557797507,-7.016699365971316,7.016699365971316
bimbos,0,0,0,0,,,0.0,-inf,inf
bitch,2023,32501,10651,34524,0.05859691808596918,0.9414030819140308,0.9551609721101246,-0.04587539552219615,0.04587539552219615
bitches,527,8940,2921,9467,0.05566705397697264,0.9443329460230273,0.2619496009326518,-1.3396031565776207,1.3396031565776207
blowjob,0,0,0,0,,,0.0,-inf,inf
bondage,0,0,0,0,,,0.0,-inf,inf
boner,0,12,4,12,0.0,1.0,0.0003587122231190028,-7.9329900978454715,7.9329900978454715
boob,4,55,17,59,0.06779661016949153,0.9322033898305084,0.001524526948255762,-6.486071114909146,6.486071114909146
boobs,3,38,11,41,0.07317073170731707,0.926829268292683,0.0009864586135772577,-6.921389186166992,6.921389186166992
bukkake,0,0,0,0,,,0.0,-inf,inf
busty,0,0,0,0,,,0.0,-inf,inf
butt,27,173,63,200,0.135,0.865,0.005649717514124294,-5.176149732573829,5.176149732573829
camgirl,0,0,0,0,,,0.0,-inf,inf
camslut,0,0,0,0,,,0.0,-inf,inf
cialis,1,2,1,3,0.3333333333333333,0.6666666666666666,8.96780557797507e-05,-9.319284458965361,9.319284458965361
clit,1,11,4,12,0.08333333333333333,0.9166666666666666,0.0003587122231190028,-7.9329900978454715,7.9329900978454715
cock,20,132,48,152,0.13157894736842105,0.868421052631579,0.004304546677428033,-5.448083448057471,5.448083448057471
cocks,4,20,8,24,0.16666666666666666,0.8333333333333334,0.0007174244462380056,-7.239842917285526,7.239842917285526
coon,91,92,62,183,0.4972677595628415,0.5027322404371585,0.005560039458344543,-5.192150073920271,5.192150073920271
coons,37,26,21,63,0.5873015873015873,0.4126984126984127,0.0018832391713747645,-6.274762021241939,6.274762021241939
cum,13,139,50,152,0.08552631578947369,0.9144736842105263,0.004483902788987535,-5.407261453537216,5.407261453537216
cumming,0,9,3,9,0.0,1.0,0.0002690341673392521,-8.220672170297252,8.220672170297252
cumshot,0,3,1,3,0.0,1.0,8.96780557797507e-05,-9.319284458965361,9.319284458965361
cunt,152,723,276,875,0.1737142857142857,0.8262857142857143,0.024751143395211193,-3.698883593248212,3.698883593248212
darkie,9,8,6,17,0.5294117647058824,0.47058823529411764,0.0005380683346785041,-7.527524989737307,7.527524989737307
dick,103,1013,347,1116,0.09229390681003584,0.9077060931899642,0.03111828535557349,-3.4699596790185026,3.4699596790185026
dildo,1,17,6,18,0.05555555555555555,0.9444444444444444,0.0005380683346785041,-7.527524989737307,7.527524989737307
dolcett,0,0,0,0,,,0.0,-inf,inf
dommes,0,0,0,0,,,0.0,-inf,inf
dvda,0,0,0,0,,,0.0,-inf,inf
ecchi,0,0,0,0,,,0.0,-inf,inf
erotic,0,0,0,0,,,0.0,-inf,inf
erotism,0,0,0,0,,,0.0,-inf,inf
escort,1,14,4,15,0.06666666666666667,0.9333333333333333,0.0003587122231190028,-7.9329900978454715,7.9329900978454715
eunuch,0,0,0,0,,,0.0,-inf,inf
fag,1116,1417,820,2533,0.4405842874062377,0.5594157125937623,0.07353600573939557,-2.609980118707063,2.609980118707063
faggot,767,881,533,1648,0.4654126213592233,0.5345873786407767,0.04779840373060712,-3.040763034799517,3.040763034799517
fecal,0,0,0,0,,,0.0,-inf,inf
felch,0,0,0,0,,,0.0,-inf,inf
feltch,0,0,0,0,,,0.0,-inf,inf
femdom,0,0,0,0,,,0.0,-inf,inf
figging,0,0,0,0,,,0.0,-inf,inf
fisting,0,3,1,3,0.0,1.0,8.96780557797507e-05,-9.319284458965361,9.319284458965361
footjob,0,0,0,0,,,0.0,-inf,inf
fuck,919,5904,2126,6823,0.13469148468415654,0.8653085153158435,0.19065554658774997,-1.6572869000634687,1.6572869000634687
fuckin,418,2156,809,2574,0.1623931623931624,0.8376068376068376,0.0725495471258183,-2.62348554190687,2.62348554190687
fucking,312,1483,570,1795,0.17381615598885794,0.8261838440111421,0.051116491794457895,-2.973648098136766,2.973648098136766
gaysex,0,0,0,0,,,0.0,-inf,inf
girlon,0,0,0,0,,,0.0,-inf,inf
goatcx,0,0,0,0,,,0.0,-inf,inf
goatse,0,0,0,0,,,0.0,-inf,inf
gokkun,0,0,0,0,,,0.0,-inf,inf
grope,0,0,0,0,,,0.0,-inf,inf
guro,0,3,1,3,0.0,1.0,8.96780557797507e-05,-9.319284458965361,9.319284458965361
handjob,3,3,2,6,0.5,0.5,0.0001793561115595014,-8.626137278405416,8.626137278405416
hentai,12,18,10,30,0.4,0.6,0.000896780557797507,-7.016699365971316,7.016699365971316
honkey,3,17,7,20,0.15,0.85,0.0006277463904582549,-7.373374309910049,7.373374309910049
hooker,1,39,13,40,0.025,0.975,0.001165814725136759,-6.754335101503825,6.754335101503825
horny,0,3,1,3,0.0,1.0,8.96780557797507e-05,-9.319284458965361,9.319284458965361
humping,0,3,1,3,0.0,1.0,8.96780557797507e-05,-9.319284458965361,9.319284458965361
incest,4,2,2,6,0.6666666666666666,0.3333333333333333,0.0001793561115595014,-8.626137278405416,8.626137278405416
jigaboo,0,6,2,6,0.0,1.0,0.0001793561115595014,-8.626137278405416,8.626137278405416
jizz,0,0,0,0,,,0.0,-inf,inf
juggs,13,8,7,21,0.6190476190476191,0.38095238095238093,0.0006277463904582549,-7.373374309910049,7.373374309910049
kike,0,0,0,0,,,0.0,-inf,inf
kinbaku,1,14,5,15,0.06666666666666667,0.9333333333333333,0.0004483902788987535,-7.709846546531262,7.709846546531262
kinky,0,0,0,0,,,0.0,-inf,inf
livesex,0,0,0,0,,,0.0,-inf,inf
lolita,2,7,3,9,0.2222222222222222,0.7777777777777778,0.0002690341673392521,-8.220672170297252,8.220672170297252
milf,11,7,6,18,0.6111111111111112,0.3888888888888889,0.0005380683346785041,-7.527524989737307,7.527524989737307
mong,0,0,0,0,,,0.0,-inf,inf
nambla,0,0,0,0,,,0.0,-inf,inf
nawashi,38,105,46,143,0.26573426573426573,0.7342657342657343,0.004125190565868532,-5.490643062476267,5.490643062476267
negro,0,0,0,0,,,0.0,-inf,inf
neonazi,1235,5177,1931,6412,0.19260761072988147,0.8073923892701186,0.1731683257106986,-1.7534911765368473,1.7534911765368473
nigga,486,468,313,954,0.5094339622641509,0.49056603773584906,0.02806923145906197,-3.5730812684252085,3.5730812684252085
nigger,0,0,0,0,,,0.0,-inf,inf
nignog,2,53,17,55,0.03636363636363636,0.9636363636363636,0.001524526948255762,-6.486071114909146,6.486071114909146
nipple,2,29,9,31,0.06451612903225806,0.9354838709677419,0.0008071025020177562,-7.122059881629142,7.122059881629142
nipples,0,0,0,0,,,0.0,-inf,inf
nsfw,10,112,41,122,0.08196721311475409,0.9180327868852459,0.0036768002869697787,-5.605712392261054,5.605712392261054
nude,0,0,0,0,,,0.0,-inf,inf
nudity,0,0,0,0,,,0.0,-inf,inf
nutten,0,0,0,0,,,0.0,-inf,inf
nympho,0,2,1,2,0.0,1.0,8.96780557797507e-05,-9.319284458965361,9.319284458965361
orgasm,0,0,0,0,,,0.0,-inf,inf
orgy,0,0,0,0,,,0.0,-inf,inf
paki,1,70,22,71,0.014084507042253521,0.9859154929577465,0.0019729172271545155,-6.228242005607046,6.228242005607046
panties,0,3,1,3,0.0,1.0,8.96780557797507e-05,-9.319284458965361,9.319284458965361
panty,0,0,0,0,,,0.0,-inf,inf
pegging,4,48,17,52,0.07692307692307693,0.9230769230769231,0.001524526948255762,-6.486071114909146,6.486071114909146
penis,0,0,0,0,,,0.0,-inf,inf
pikey,1,14,5,15,0.06666666666666667,0.9333333333333333,0.0004483902788987535,-7.709846546531262,7.709846546531262
pissing,0,0,0,0,,,0.0,-inf,inf
pisspig,0,0,0,0,,,0.0,-inf,inf
playboy,0,0,0,0,,,0.0,-inf,inf
poof,1,8,3,9,0.1111111111111111,0.8888888888888888,0.0002690341673392521,-8.220672170297252,8.220672170297252
poon,0,0,0,0,,,0.0,-inf,inf
punany,11,204,72,215,0.05116279069767442,0.9488372093023256,0.00645682001614205,-5.042618339949307,5.042618339949307
porn,2,10,4,12,0.16666666666666666,0.8333333333333334,0.0003587122231190028,-7.9329900978454715,7.9329900978454715
porno,0,0,0,0,,,0.0,-inf,inf
pthc,0,0,0,0,,,0.0,-inf,inf
pubes,359,6180,2060,6539,0.05490136106438293,0.9450986389356171,0.18473679490628644,-1.688823197181735,1.688823197181735
pussy,0,0,0,0,,,0.0,-inf,inf
queaf,0,3,1,3,0.0,1.0,8.96780557797507e-05,-9.319284458965361,9.319284458965361
queef,0,0,0,0,,,0.0,-inf,inf
quim,5,2,3,7,0.7142857142857143,0.2857142857142857,0.0002690341673392521,-8.220672170297252,8.220672170297252
raghead,25,85,34,110,0.22727272727272727,0.7727272727272727,0.003049053896511524,-5.792923934349201,5.792923934349201
rape,6,9,5,15,0.4,0.6,0.0004483902788987535,-7.709846546531262,7.709846546531262
raping,5,7,4,12,0.4166666666666667,0.5833333333333334,0.0003587122231190028,-7.9329900978454715,7.9329900978454715
rapist,1,2,1,3,0.3333333333333333,0.6666666666666666,8.96780557797507e-05,-9.319284458965361,9.319284458965361
rectum,0,0,0,0,,,0.0,-inf,inf
rimjob,0,0,0,0,,,0.0,-inf,inf
rimming,0,0,0,0,,,0.0,-inf,inf
sadism,0,6,2,6,0.0,1.0,0.0001793561115595014,-8.626137278405416,8.626137278405416
scat,0,0,0,0,,,0.0,-inf,inf
schlong,5,28,10,33,0.15151515151515152,0.8484848484848485,0.000896780557797507,-7.016699365971316,7.016699365971316
semen,48,638,225,686,0.06997084548104957,0.9300291545189504,0.020177562550443905,-3.9031840567609417,3.9031840567609417
sex,0,0,0,0,,,0.0,-inf,inf
sexcam,0,0,0,0,,,0.0,-inf,inf
sexo,8,118,40,126,0.06349206349206349,0.9365079365079365,0.003587122231190028,-5.630405004851426,5.630405004851426
sexy,13,47,21,60,0.21666666666666667,0.7833333333333333,0.0018832391713747645,-6.274762021241939,6.274762021241939
sexual,0,0,0,0,,,0.0,-inf,inf
shemale,0,0,0,0,,,0.0,-inf,inf
shibari,370,3726,1282,4096,0.09033203125,0.90966796875,0.1149672675096404,-2.1631078214847466,2.1631078214847466
shit,12,62,26,74,0.16216216216216217,0.8378378378378378,0.002331629450273518,-6.06118792094388,6.06118792094388
shitty,0,0,0,0,,,0.0,-inf,inf
shota,0,3,1,3,0.0,1.0,8.96780557797507e-05,-9.319284458965361,9.319284458965361
skeet,25,204,69,229,0.1091703056768559,0.8908296943231441,0.006187785848802798,-5.085177954368103,5.085177954368103
slut,0,6,2,6,0.0,1.0,0.0001793561115595014,-8.626137278405416,8.626137278405416
smut,0,0,0,0,,,0.0,-inf,inf
snatch,0,0,0,0,,,0.0,-inf,inf
sodomy,43,42,27,85,0.5058823529411764,0.49411764705882355,0.002421307506053269,-6.023447592961032,6.023447592961032
spastic,0,0,0,0,,,0.0,-inf,inf
spic,0,0,0,0,,,0.0,-inf,inf
splooge,0,3,1,3,0.0,1.0,8.96780557797507e-05,-9.319284458965361,9.319284458965361
spooge,0,0,0,0,,,0.0,-inf,inf
spunk,78,514,185,592,0.13175675675675674,0.8682432432432432,0.016590440319253878,-4.098928633887037,4.098928633887037
strapon,9,82,29,91,0.0989010989010989,0.9010989010989011,0.00260066361761277,-5.951988628978888,5.951988628978888
suck,0,8,1,8,0.0,1.0,8.96780557797507e-05,-9.319284458965361,9.319284458965361
sucks,0,0,0,0,,,0.0,-inf,inf
swinger,40,438,153,478,0.08368200836820083,0.9163179916317992,0.013720742534301856,-4.288846537572926,4.288846537572926
tiedup,7,62,23,69,0.10144927536231885,0.8985507246376812,0.002062595282934266,-6.183790243036213,6.183790243036213
tit,7,70,23,77,0.09090909090909091,0.9090909090909091,0.002062595282934266,-6.183790243036213,6.183790243036213
tits,6,39,14,45,0.13333333333333333,0.8666666666666667,0.0012554927809165098,-6.680227129350103,6.680227129350103
titties,0,3,1,3,0.0,1.0,8.96780557797507e-05,-9.319284458965361,9.319284458965361
titty,0,0,0,0,,,0.0,-inf,inf
topless,25,102,41,127,0.1968503937007874,0.8031496062992126,0.0036768002869697787,-5.605712392261054,5.605712392261054
tosser,0,0,0,0,,,0.0,-inf,inf
tranny,0,0,0,0,,,0.0,-inf,inf
tubgirl,10,154,55,164,0.06097560975609756,0.9390243902439024,0.0049322930678862885,-5.311951273732891,5.311951273732891
tushy,0,15,4,15,0.0,1.0,0.0003587122231190028,-7.9329900978454715,7.9329900978454715
twat,0,0,0,0,,,0.0,-inf,inf
twink,0,0,0,0,,,0.0,-inf,inf
twinkie,3,56,18,59,0.05084745762711865,0.9491525423728814,0.0016142050040355124,-6.428912701069197,6.428912701069197
upskirt,0,3,1,3,0.0,1.0,8.96780557797507e-05,-9.319284458965361,9.319284458965361
vagina,0,0,0,0,,,0.0,-inf,inf
viagra,0,0,0,0,,,0.0,-inf,inf
voyeur,0,0,0,0,,,0.0,-inf,inf
voyuer,0,3,1,3,0.0,1.0,8.96780557797507e-05,-9.319284458965361,9.319284458965361
vulva,34,17,16,51,0.6666666666666666,0.3333333333333333,0.0014348488924760111,-6.546695736725581,6.546695736725581
wank,31,112,46,143,0.21678321678321677,0.7832167832167832,0.004125190565868532,-5.490643062476267,5.490643062476267
wetback,44,361,133,405,0.10864197530864197,0.891358024691358,0.011927181418706842,-4.428935330743608,4.428935330743608
whore,15,205,74,220,0.06818181818181818,0.9318181818181818,0.006636176127701551,-5.015219365761192,5.015219365761192
xx,0,0,0,0,,,0.0,-inf,inf
xxx,0,0,0,0,,,0.0,-inf,inf
yaoi,0,0,0,0,,,0.0,-inf,inf
yiffy,233,2272,807,2505,0.09301397205588822,0.9069860279441118,0.07237019101425882,-2.6259607906954128,2.6259607906954128
abbo,3,12,5,15,0.2,0.8,0.0004483902788987535,-7.709846546531262,7.709846546531262
abo,1,41,15,42,0.023809523809523808,0.9761904761904762,0.0013451708366962604,-6.611234257863152,6.611234257863152
abuse,0,0,0,0,,,0.0,-inf,inf
addict,1,21,8,22,0.045454545454545456,0.9545454545454546,0.0007174244462380056,-7.239842917285526,7.239842917285526
addicts,1,11,4,12,0.08333333333333333,0.9166666666666666,0.0003587122231190028,-7.9329900978454715,7.9329900978454715
adult,0,9,3,9,0.0,1.0,0.0002690341673392521,-8.220672170297252,8.220672170297252
africa,14,93,31,107,0.1308411214953271,0.8691588785046729,0.0027800197291722715,-5.885297254480216,5.885297254480216
african,6,35,10,41,0.14634146341463414,0.8536585365853658,0.000896780557797507,-7.016699365971316,7.016699365971316
alla,0,8,3,8,0.0,1.0,0.0002690341673392521,-8.220672170297252,8.220672170297252
allah,0,0,0,0,,,0.0,-inf,inf
amateur,1,11,4,12,0.08333333333333333,0.9166666666666666,0.0003587122231190028,-7.9329900978454715,7.9329900978454715
analsex,5,34,13,39,0.1282051282051282,0.8717948717948718,0.001165814725136759,-6.754335101503825,6.754335101503825
angie,3,14,6,17,0.17647058823529413,0.8235294117647058,0.0005380683346785041,-7.527524989737307,7.527524989737307
angry,3,0,1,3,1.0,0.0,8.96780557797507e-05,-9.319284458965361,9.319284458965361
arab,0,0,0,0,,,0.0,-inf,inf
arabs,0,3,1,3,0.0,1.0,8.96780557797507e-05,-9.319284458965361,9.319284458965361
areola,0,0,0,0,,,0.0,-inf,inf
argie,12,24,11,36,0.3333333333333333,0.6666666666666666,0.0009864586135772577,-6.921389186166992,6.921389186166992
aroused,5,31,10,36,0.1388888888888889,0.8611111111111112,0.000896780557797507,-7.016699365971316,7.016699365971316
arse,1,4,2,5,0.2,0.8,0.0001793561115595014,-8.626137278405416,8.626137278405416
asian,12,85,32,97,0.12371134020618557,0.8762886597938144,0.0028696977849520223,-5.853548556165635,5.853548556165635
assault,0,0,0,0,,,0.0,-inf,inf
asses,0,8,3,8,0.0,1.0,0.0002690341673392521,-8.220672170297252,8.220672170297252
assfuck,0,0,0,0,,,0.0,-inf,inf
asshat,0,0,0,0,,,0.0,-inf,inf
asshore,0,0,0,0,,,0.0,-inf,inf
asskiss,0,0,0,0,,,0.0,-inf,inf
asslick,0,0,0,0,,,0.0,-inf,inf
assman,8,27,12,35,0.22857142857142856,0.7714285714285715,0.0010761366693570083,-6.8343778091773615,6.8343778091773615
asswipe,6,75,26,81,0.07407407407407407,0.9259259259259259,0.002331629450273518,-6.06118792094388,6.06118792094388
attack,16,23,14,39,0.41025641025641024,0.5897435897435898,0.0012554927809165098,-6.680227129350103,6.680227129350103
babe,0,0,0,0,,,0.0,-inf,inf
babies,24,81,32,105,0.22857142857142856,0.7714285714285715,0.0028696977849520223,-5.853548556165635,5.853548556165635
badfuck,0,5,2,5,0.0,1.0,0.0001793561115595014,-8.626137278405416,8.626137278405416
balls,0,0,0,0,,,0.0,-inf,inf
banging,0,0,0,0,,,0.0,-inf,inf
baptist,0,0,0,0,,,0.0,-inf,inf
barf,11,13,8,24,0.4583333333333333,0.5416666666666666,0.0007174244462380056,-7.239842917285526,7.239842917285526
barface,0,0,0,0,,,0.0,-inf,inf
bast,3,11,5,14,0.21428571428571427,0.7857142857142857,0.0004483902788987535,-7.709846546531262,7.709846546531262
bazooms,0,0,0,0,,,0.0,-inf,inf
beast,0,0,0,0,,,0.0,-inf,inf
beatoff,0,0,0,0,,,0.0,-inf,inf
beaver,2241,33754,11151,35995,0.06225864703431032,0.9377413529656897,1.0,0.0,0.0
bestial,1,5,2,6,0.16666666666666666,0.8333333333333334,0.0001793561115595014,-8.626137278405416,8.626137278405416
bi,2,7,3,9,0.2222222222222222,0.7777777777777778,0.0002690341673392521,-8.220672170297252,8.220672170297252
biatch,0,3,1,3,0.0,1.0,8.96780557797507e-05,-9.319284458965361,9.319284458965361
bible,0,0,0,0,,,0.0,-inf,inf
bigass,8,64,25,72,0.1111111111111111,0.8888888888888888,0.0022419513944937674,-6.100408634097161,6.100408634097161
bigbutt,0,3,1,3,0.0,1.0,8.96780557797507e-05,-9.319284458965361,9.319284458965361
bigger,0,3,1,3,0.0,1.0,8.96780557797507e-05,-9.319284458965361,9.319284458965361
bitcher,7,50,19,57,0.12280701754385964,0.8771929824561403,0.0017038830598152632,-6.374845479798921,6.374845479798921
bitchez,3,18,7,21,0.14285714285714285,0.8571428571428571,0.0006277463904582549,-7.373374309910049,7.373374309910049
bitchin,0,0,0,0,,,0.0,-inf,inf
bitchy,133,366,165,499,0.2665330661322645,0.7334669338677354,0.014796879203658865,-4.213338985064781,4.213338985064781
biteme,15,9,8,24,0.625,0.375,0.0007174244462380056,-7.239842917285526,7.239842917285526
black,5,43,17,48,0.10416666666666667,0.8958333333333334,0.001524526948255762,-6.486071114909146,6.486071114909146
blacks,14,147,53,161,0.08695652173913043,0.9130434782608695,0.004752936956326787,-5.34899254541324,5.34899254541324
blind,0,0,0,0,,,0.0,-inf,inf
blow,0,0,0,0,,,0.0,-inf,inf
boang,0,0,0,0,,,0.0,-inf,inf
bogan,0,0,0,0,,,0.0,-inf,inf
bohunk,0,0,0,0,,,0.0,-inf,inf
bollick,11,90,33,101,0.10891089108910891,0.8910891089108911,0.002959375840731773,-5.822776897498882,5.822776897498882
bollock,0,0,0,0,,,0.0,-inf,inf
bomb,0,0,0,0,,,0.0,-inf,inf
bombers,3,5,3,8,0.375,0.625,0.0002690341673392521,-8.220672170297252,8.220672170297252
bombing,0,0,0,0,,,0.0,-inf,inf
bombs,2,28,10,30,0.06666666666666667,0.9333333333333333,0.000896780557797507,-7.016699365971316,7.016699365971316
bomd,1,5,2,6,0.16666666666666666,0.8333333333333334,0.0001793561115595014,-8.626137278405416,8.626137278405416
bong,0,3,1,3,0.0,1.0,8.96780557797507e-05,-9.319284458965361,9.319284458965361
boobies,0,0,0,0,,,0.0,-inf,inf
booby,0,15,5,15,0.0,1.0,0.0004483902788987535,-7.709846546531262,7.709846546531262
boody,0,0,0,0,,,0.0,-inf,inf
boom,0,0,0,0,,,0.0,-inf,inf
boong,0,0,0,0,,,0.0,-inf,inf
boonga,13,231,77,244,0.05327868852459016,0.9467213114754098,0.006905210295040804,-4.975479037111678,4.975479037111678
boonie,49,445,156,494,0.09919028340080972,0.9008097165991903,0.013989776701641109,-4.269428451715825,4.269428451715825
booty,0,0,0,0,,,0.0,-inf,inf
bra,1,19,7,20,0.05,0.95,0.0006277463904582549,-7.373374309910049,7.373374309910049
brea5t,0,0,0,0,,,0.0,-inf,inf
breast,0,0,0,0,,,0.0,-inf,inf
brothel,0,0,0,0,,,0.0,-inf,inf
bugger,0,0,0,0,,,0.0,-inf,inf
buggery,0,0,0,0,,,0.0,-inf,inf
bumfuck,0,0,0,0,,,0.0,-inf,inf
bunga,17,98,37,115,0.14782608695652175,0.8521739130434782,0.0033180880638507756,-5.7083665463211375,5.7083665463211375
buried,0,0,0,0,,,0.0,-inf,inf
burn,0,0,0,0,,,0.0,-inf,inf
buttman,0,0,0,0,,,0.0,-inf,inf
byatch,7,18,9,25,0.28,0.72,0.0008071025020177562,-7.122059881629142,7.122059881629142
cacker,0,0,0,0,,,0.0,-inf,inf
cancer,10,28,13,38,0.2631578947368421,0.7368421052631579,0.001165814725136759,-6.754335101503825,6.754335101503825
carruth,101,475,187,576,0.1753472222222222,0.8246527777777778,0.01676979643081338,-4.0881758421107754,4.0881758421107754
chav,0,3,1,3,0.0,1.0,8.96780557797507e-05,-9.319284458965361,9.319284458965361
chin,46,29,23,75,0.6133333333333333,0.38666666666666666,0.002062595282934266,-6.183790243036213,6.183790243036213
chinese,0,0,0,0,,,0.0,-inf,inf
chink,0,0,0,0,,,0.0,-inf,inf
chinky,0,0,0,0,,,0.0,-inf,inf
choad,9,31,14,40,0.225,0.775,0.0012554927809165098,-6.680227129350103,6.680227129350103
chode,13,27,12,40,0.325,0.675,0.0010761366693570083,-6.8343778091773615,6.8343778091773615
christ,1,5,2,6,0.16666666666666666,0.8333333333333334,0.0001793561115595014,-8.626137278405416,8.626137278405416
church,0,0,0,0,,,0.0,-inf,inf
cigs,3,24,9,27,0.1111111111111111,0.8888888888888888,0.0008071025020177562,-7.122059881629142,7.122059881629142
clogwog,0,0,0,0,,,0.0,-inf,inf
cocaine,1,19,5,20,0.05,0.95,0.0004483902788987535,-7.709846546531262,7.709846546531262
cocknob,0,0,0,0,,,0.0,-inf,inf
cocky,0,0,0,0,,,0.0,-inf,inf
cohee,69,182,87,251,0.2749003984063745,0.7250996015936255,0.00780199085283831,-4.853376340310778,4.853376340310778
coitus,53,126,63,179,0.29608938547486036,0.7039106145251397,0.005649717514124294,-5.176149732573829,5.176149732573829
color,6,19,9,25,0.24,0.76,0.0008071025020177562,-7.122059881629142,7.122059881629142
colored,0,21,7,21,0.0,1.0,0.0006277463904582549,-7.373374309910049,7.373374309910049
commie,1,2,1,3,0.3333333333333333,0.6666666666666666,8.96780557797507e-05,-9.319284458965361,9.319284458965361
condom,1,8,3,9,0.1111111111111111,0.8888888888888888,0.0002690341673392521,-8.220672170297252,8.220672170297252
coolie,0,0,0,0,,,0.0,-inf,inf
cooly,0,0,0,0,,,0.0,-inf,inf
coondog,0,0,0,0,,,0.0,-inf,inf
cra5h,83,179,85,262,0.31679389312977096,0.683206106870229,0.007622634741278809,-4.876633202475046,4.876633202475046
crabs,1,76,23,77,0.012987012987012988,0.987012987012987,0.002062595282934266,-6.183790243036213,6.183790243036213
crack,0,0,0,0,,,0.0,-inf,inf
crap,0,0,0,0,,,0.0,-inf,inf
crapola,0,22,6,22,0.0,1.0,0.0005380683346785041,-7.527524989737307,7.527524989737307
crapper,2,27,9,29,0.06896551724137931,0.9310344827586207,0.0008071025020177562,-7.122059881629142,7.122059881629142
crappy,0,0,0,0,,,0.0,-inf,inf
crash,8,17,8,25,0.32,0.68,0.0007174244462380056,-7.239842917285526,7.239842917285526
creamy,0,0,0,0,,,0.0,-inf,inf
crime,0,3,1,3,0.0,1.0,8.96780557797507e-05,-9.319284458965361,9.319284458965361
crimes,0,0,0,0,,,0.0,-inf,inf
crotch,0,9,3,9,0.0,1.0,0.0002690341673392521,-8.220672170297252,8.220672170297252
cumfest,0,0,0,0,,,0.0,-inf,inf
cumm,0,0,0,0,,,0.0,-inf,inf
cummer,0,0,0,0,,,0.0,-inf,inf
cumquat,0,0,0,0,,,0.0,-inf,inf
cunn,0,3,1,3,0.0,1.0,8.96780557797507e-05,-9.319284458965361,9.319284458965361
cunntt,0,0,0,0,,,0.0,-inf,inf
dago,1,11,4,12,0.08333333333333333,0.9166666666666666,0.0003587122231190028,-7.9329900978454715,7.9329900978454715
dahmer,61,725,247,786,0.07760814249363868,0.9223918575063613,0.02215047977759842,-3.809896122337385,3.809896122337385
dammit,0,9,3,9,0.0,1.0,0.0002690341673392521,-8.220672170297252,8.220672170297252
damn,2,1,1,3,0.6666666666666666,0.3333333333333333,8.96780557797507e-05,-9.319284458965361,9.319284458965361
damnit,14,173,59,187,0.0748663101604278,0.9251336898395722,0.005291005291005291,-5.241747015059643,5.241747015059643
darky,18,58,25,76,0.23684210526315788,0.7631578947368421,0.0022419513944937674,-6.100408634097161,6.100408634097161
dead,0,0,0,0,,,0.0,-inf,inf
death,3,27,9,30,0.1,0.9,0.0008071025020177562,-7.122059881629142,7.122059881629142
dego,0,0,0,0,,,0.0,-inf,inf
demon,0,8,3,8,0.0,1.0,0.0002690341673392521,-8.220672170297252,8.220672170297252
deposit,2,19,7,21,0.09523809523809523,0.9047619047619048,0.0006277463904582549,-7.373374309910049,7.373374309910049
desire,0,0,0,0,,,0.0,-inf,inf
destroy,11,45,17,56,0.19642857142857142,0.8035714285714286,0.001524526948255762,-6.486071114909146,6.486071114909146
deth,0,0,0,0,,,0.0,-inf,inf
devil,0,0,0,0,,,0.0,-inf,inf
dickman,0,0,0,0,,,0.0,-inf,inf
dickwad,102,690,253,792,0.12878787878787878,0.8712121212121212,0.022688548112276927,-3.7858949702378415,3.7858949702378415
diddle,17,75,31,92,0.18478260869565216,0.8152173913043478,0.0027800197291722715,-5.885297254480216,5.885297254480216
die,19,222,75,241,0.07883817427385892,0.921161825726141,0.006725854183481302,-5.001796345429051,5.001796345429051
died,8,25,10,33,0.24242424242424243,0.7575757575757576,0.000896780557797507,-7.016699365971316,7.016699365971316
dies,0,2,1,2,0.0,1.0,8.96780557797507e-05,-9.319284458965361,9.319284458965361
dike,0,3,1,3,0.0,1.0,8.96780557797507e-05,-9.319284458965361,9.319284458965361
dink,33,170,63,203,0.1625615763546798,0.8374384236453202,0.005649717514124294,-5.176149732573829,5.176149732573829
dipshit,6,12,6,18,0.3333333333333333,0.6666666666666666,0.0005380683346785041,-7.527524989737307,7.527524989737307
dirty,3,9,3,12,0.25,0.75,0.0002690341673392521,-8.220672170297252,8.220672170297252
disease,0,9,3,9,0.0,1.0,0.0002690341673392521,-8.220672170297252,8.220672170297252
dive,1,10,4,11,0.09090909090909091,0.9090909090909091,0.0003587122231190028,-7.9329900978454715,7.9329900978454715
dix,0,0,0,0,,,0.0,-inf,inf
dong,0,0,0,0,,,0.0,-inf,inf
doodoo,6,109,36,115,0.05217391304347826,0.9478260869565217,0.003228410008071025,-5.7357655205092515,5.7357655205092515
doom,17,194,66,211,0.08056872037914692,0.919431279620853,0.005918751681463546,-5.129629716938936,5.129629716938936
dope,1,5,2,6,0.16666666666666666,0.8333333333333334,0.0001793561115595014,-8.626137278405416,8.626137278405416
drug,95,685,243,780,0.12179487179487179,0.8782051282051282,0.021791767554479417,-3.8262230156248136,3.8262230156248136
drunk,11,57,22,68,0.16176470588235295,0.8382352941176471,0.0019729172271545155,-6.228242005607046,6.228242005607046
drunken,0,0,0,0,,,0.0,-inf,inf
dumb,100,187,92,287,0.34843205574912894,0.6515679442508711,0.008250381131737063,-4.797495881916322,4.797495881916322
dumbass,2,10,4,12,0.16666666666666666,0.8333333333333334,0.0003587122231190028,-7.9329900978454715,7.9329900978454715
dyefly,0,0,0,0,,,0.0,-inf,inf
dyke,0,0,0,0,,,0.0,-inf,inf
eatme,2,16,6,18,0.1111111111111111,0.8888888888888888,0.0005380683346785041,-7.527524989737307,7.527524989737307
ecstacy,0,3,1,3,0.0,1.0,8.96780557797507e-05,-9.319284458965361,9.319284458965361
enema,53,354,131,407,0.13022113022113022,0.8697788697788698,0.01174782530714734,-4.44408713576421,4.44408713576421
enemy,0,3,1,3,0.0,1.0,8.96780557797507e-05,-9.319284458965361,9.319284458965361
erect,4,17,7,21,0.19047619047619047,0.8095238095238095,0.0006277463904582549,-7.373374309910049,7.373374309910049
ero,4,3,2,7,0.5714285714285714,0.42857142857142855,0.0001793561115595014,-8.626137278405416,8.626137278405416
ethnic,0,0,0,0,,,0.0,-inf,inf
evl,0,0,0,0,,,0.0,-inf,inf
execute,0,0,0,0,,,0.0,-inf,inf
faeces,3,12,5,15,0.2,0.8,0.0004483902788987535,-7.709846546531262,7.709846546531262
fagging,0,6,2,6,0.0,1.0,0.0001793561115595014,-8.626137278405416,8.626137278405416
fagot,0,0,0,0,,,0.0,-inf,inf
failed,0,6,1,6,0.0,1.0,8.96780557797507e-05,-9.319284458965361,9.319284458965361
failure,7,106,33,113,0.061946902654867256,0.9380530973451328,0.002959375840731773,-5.822776897498882,5.822776897498882
fairies,0,35,11,35,0.0,1.0,0.0009864586135772577,-6.921389186166992,6.921389186166992
fairy,0,3,1,3,0.0,1.0,8.96780557797507e-05,-9.319284458965361,9.319284458965361
faith,0,6,1,6,0.0,1.0,8.96780557797507e-05,-9.319284458965361,9.319284458965361
fart,0,0,0,0,,,0.0,-inf,inf
farted,98,588,211,686,0.14285714285714285,0.8571428571428571,0.018922069769527396,-3.967426325489295,3.967426325489295
farting,0,0,0,0,,,0.0,-inf,inf
farty,0,9,3,9,0.0,1.0,0.0002690341673392521,-8.220672170297252,8.220672170297252
fat,0,0,0,0,,,0.0,-inf,inf
fatah,0,0,0,0,,,0.0,-inf,inf
fatass,0,0,0,0,,,0.0,-inf,inf
fatfuck,5,36,12,41,0.12195121951219512,0.8780487804878049,0.0010761366693570083,-6.8343778091773615,6.8343778091773615
fatso,0,0,0,0,,,0.0,-inf,inf
fckcum,0,0,0,0,,,0.0,-inf,inf
fear,0,0,0,0,,,0.0,-inf,inf
feces,2,10,4,12,0.16666666666666666,0.8333333333333334,0.0003587122231190028,-7.9329900978454715,7.9329900978454715
felatio,48,364,133,412,0.11650485436893204,0.883495145631068,0.011927181418706842,-4.428935330743608,4.428935330743608
felcher,17,122,45,139,0.1223021582733813,0.8776978417266187,0.004035512510088781,-5.512621969195042,5.512621969195042
fetish,0,0,0,0,,,0.0,-inf,inf
fight,0,0,0,0,,,0.0,-inf,inf
fire,0,0,0,0,,,0.0,-inf,inf
firing,0,0,0,0,,,0.0,-inf,inf
fister,6,58,22,64,0.09375,0.90625,0.0019729172271545155,-6.228242005607046,6.228242005607046
flange,0,0,0,0,,,0.0,-inf,inf
flasher,0,0,0,0,,,0.0,-inf,inf
floo,0,0,0,0,,,0.0,-inf,inf
flydie,0,2,1,2,0.0,1.0,8.96780557797507e-05,-9.319284458965361,9.319284458965361
flydye,63,620,214,683,0.09224011713030747,0.9077598828696926,0.019191103936866648,-3.95330844394351,3.95330844394351
fok,17,33,18,50,0.34,0.66,0.0016142050040355124,-6.428912701069197,6.428912701069197
fondle,0,14,5,14,0.0,1.0,0.0004483902788987535,-7.709846546531262,7.709846546531262
fore,1214,7948,2862,9162,0.1325038201266099,0.8674961798733901,0.2566585956416465,-1.3600084988489656,1.3600084988489656
forni,0,0,0,0,,,0.0,-inf,inf
fraud,952,6070,2191,7022,0.13557391056679008,0.8644260894332099,0.19648462021343377,-1.6271711193698952,1.6271711193698952
fu,0,0,0,0,,,0.0,-inf,inf
fubar,8,65,24,73,0.1095890410958904,0.8904109589041096,0.0021522733387140166,-6.141230628617416,6.141230628617416
fuc,0,0,0,0,,,0.0,-inf,inf
fucck,43,495,161,538,0.07992565055762081,0.9200743494423792,0.014438166980539862,-4.237880093980899,4.237880093980899
fucka,10,97,35,107,0.09345794392523364,0.9065420560747663,0.003138731952291274,-5.763936397475948,5.763936397475948
fuckbag,4,29,11,33,0.12121212121212122,0.8787878787878788,0.0009864586135772577,-6.921389186166992,6.921389186166992
fucked,0,3,1,3,0.0,1.0,8.96780557797507e-05,-9.319284458965361,9.319284458965361
fucker,0,0,0,0,,,0.0,-inf,inf
fuckers,1,5,1,6,0.16666666666666666,0.8333333333333334,8.96780557797507e-05,-9.319284458965361,9.319284458965361
fuckher,0,0,0,0,,,0.0,-inf,inf
fuckina,0,3,1,3,0.0,1.0,8.96780557797507e-05,-9.319284458965361,9.319284458965361
fuckit,0,0,0,0,,,0.0,-inf,inf
fuckme,11,102,35,113,0.09734513274336283,0.9026548672566371,0.003138731952291274,-5.763936397475948,5.763936397475948
fuckoff,0,3,1,3,0.0,1.0,8.96780557797507e-05,-9.319284458965361,9.319284458965361
fuckpig,7,23,10,30,0.23333333333333334,0.7666666666666667,0.000896780557797507,-7.016699365971316,7.016699365971316
fucks,5,83,28,88,0.056818181818181816,0.9431818181818182,0.0025109855618330196,-5.987079948790158,5.987079948790158
fuckyou,0,2,1,2,0.0,1.0,8.96780557797507e-05,-9.319284458965361,9.319284458965361
fugly,2,13,4,15,0.13333333333333333,0.8666666666666667,0.0003587122231190028,-7.9329900978454715,7.9329900978454715
fuk,0,0,0,0,,,0.0,-inf,inf
fuks,0,0,0,0,,,0.0,-inf,inf
funeral,2,1,1,3,0.6666666666666666,0.3333333333333333,8.96780557797507e-05,-9.319284458965361,9.319284458965361
funfuck,1,5,2,6,0.16666666666666666,0.8333333333333334,0.0001793561115595014,-8.626137278405416,8.626137278405416
fungus,129,289,137,418,0.30861244019138756,0.6913875598086124,0.012285893641825845,-4.399303533137237,4.399303533137237
fuuck,0,0,0,0,,,0.0,-inf,inf
gangsta,3,14,6,17,0.17647058823529413,0.8235294117647058,0.0005380683346785041,-7.527524989737307,7.527524989737307
gay,0,0,0,0,,,0.0,-inf,inf
gaysex,1,34,11,35,0.02857142857142857,0.9714285714285714,0.0009864586135772577,-6.921389186166992,6.921389186166992
geez,0,0,0,0,,,0.0,-inf,inf
geezer,0,6,2,6,0.0,1.0,0.0001793561115595014,-8.626137278405416,8.626137278405416
geni,0,0,0,0,,,0.0,-inf,inf
genital,75,656,244,731,0.10259917920656635,0.8974008207934336,0.02188144561025917,-3.82211623367216,3.82211623367216
german,0,3,1,3,0.0,1.0,8.96780557797507e-05,-9.319284458965361,9.319284458965361
getiton,0,0,0,0,,,0.0,-inf,inf
gin,52,659,221,711,0.07313642756680731,0.9268635724331927,0.019818850327324902,-3.921121757447609,3.921121757447609
ginzo,3,5,3,8,0.375,0.625,0.0002690341673392521,-8.220672170297252,8.220672170297252
gipp,42,326,117,368,0.11413043478260869,0.8858695652173914,0.010492332526230832,-4.557110524167606,4.557110524167606
girls,2,31,10,33,0.06060606060606061,0.9393939393939394,0.000896780557797507,-7.016699365971316,7.016699365971316
gob,16,13,9,29,0.5517241379310345,0.4482758620689655,0.0008071025020177562,-7.122059881629142,7.122059881629142
god,0,0,0,0,,,0.0,-inf,inf
goddamn,0,0,0,0,,,0.0,-inf,inf
gook,0,3,1,3,0.0,1.0,8.96780557797507e-05,-9.319284458965361,9.319284458965361
goy,3,3,2,6,0.5,0.5,0.0001793561115595014,-8.626137278405416,8.626137278405416
goyim,4,16,7,20,0.2,0.8,0.0006277463904582549,-7.373374309910049,7.373374309910049
gringo,0,0,0,0,,,0.0,-inf,inf
groe,0,0,0,0,,,0.0,-inf,inf
gross,22,154,54,176,0.125,0.875,0.004842615012106538,-5.330300412401088,5.330300412401088
gubba,2,10,4,12,0.16666666666666666,0.8333333333333334,0.0003587122231190028,-7.9329900978454715,7.9329900978454715
gummer,0,0,0,0,,,0.0,-inf,inf
gun,0,0,0,0,,,0.0,-inf,inf
gyp,0,0,0,0,,,0.0,-inf,inf
gypo,0,0,0,0,,,0.0,-inf,inf
gypp,0,0,0,0,,,0.0,-inf,inf
gyppie,0,3,1,3,0.0,1.0,8.96780557797507e-05,-9.319284458965361,9.319284458965361
gyppo,0,0,0,0,,,0.0,-inf,inf
gyppy,3,32,11,35,0.08571428571428572,0.9142857142857143,0.0009864586135772577,-6.921389186166992,6.921389186166992
hamas,0,0,0,0,,,0.0,-inf,inf
hapa,0,0,0,0,,,0.0,-inf,inf
harder,1,8,3,9,0.1111111111111111,0.8888888888888888,0.0002690341673392521,-8.220672170297252,8.220672170297252
hardon,0,5,2,5,0.0,1.0,0.0001793561115595014,-8.626137278405416,8.626137278405416
harem,73,700,246,773,0.0944372574385511,0.9055627425614489,0.022060801721818672,-3.813952923032999,3.813952923032999
hebe,0,0,0,0,,,0.0,-inf,inf
heeb,0,6,1,6,0.0,1.0,8.96780557797507e-05,-9.319284458965361,9.319284458965361
hell,3,0,1,3,1.0,0.0,8.96780557797507e-05,-9.319284458965361,9.319284458965361
heroin,0,0,0,0,,,0.0,-inf,inf
herpes,0,0,0,0,,,0.0,-inf,inf
hijack,1,2,1,3,0.3333333333333333,0.6666666666666666,8.96780557797507e-05,-9.319284458965361,9.319284458965361
hindoo,3,18,5,21,0.14285714285714285,0.8571428571428571,0.0004483902788987535,-7.709846546531262,7.709846546531262
hiscock,2100,21263,7382,23363,0.08988571673158413,0.9101142832684159,0.6620034077661197,-0.41248457537541794,0.41248457537541794
hitler,0,0,0,0,,,0.0,-inf,inf
hiv,0,0,0,0,,,0.0,-inf,inf
ho,449,6771,2237,7220,0.06218836565096953,0.9378116343490305,0.20060981077930232,-1.606393497475232,1.606393497475232
hobo,64,441,163,505,0.12673267326732673,0.8732673267326733,0.014617523092099363,-4.225534258158599,4.225534258158599
hodgie,28,30,20,58,0.4827586206896552,0.5172413793103449,0.001793561115595014,-6.323552185411371,6.323552185411371
hoes,0,0,0,0,,,0.0,-inf,inf
hole,22,61,28,83,0.26506024096385544,0.7349397590361446,0.0025109855618330196,-5.987079948790158,5.987079948790158
homo,0,0,0,0,,,0.0,-inf,inf
honger,2,12,5,14,0.14285714285714285,0.8571428571428571,0.0004483902788987535,-7.709846546531262,7.709846546531262
honk,10,76,27,86,0.11627906976744186,0.8837209302325582,0.002421307506053269,-6.023447592961032,6.023447592961032
honkers,1,7,3,8,0.125,0.875,0.0002690341673392521,-8.220672170297252,8.220672170297252
honky,1,5,2,6,0.16666666666666666,0.8333333333333334,0.0001793561115595014,-8.626137278405416,8.626137278405416
hook,34,127,52,161,0.2111801242236025,0.7888198757763976,0.004663258900547036,-5.368040740383934,5.368040740383934
hookers,0,0,0,0,,,0.0,-inf,inf
hooters,3,64,20,67,0.04477611940298507,0.9552238805970149,0.001793561115595014,-6.323552185411371,6.323552185411371
hore,0,0,0,0,,,0.0,-inf,inf
hork,0,0,0,0,,,0.0,-inf,inf
horn,0,11,4,11,0.0,1.0,0.0003587122231190028,-7.9329900978454715,7.9329900978454715
horney,0,0,0,0,,,0.0,-inf,inf
hosejob,0,0,0,0,,,0.0,-inf,inf
hoser,0,0,0,0,,,0.0,-inf,inf
hostage,0,3,1,3,0.0,1.0,8.96780557797507e-05,-9.319284458965361,9.319284458965361
hotdamn,0,0,0,0,,,0.0,-inf,inf
hummer,0,3,1,3,0.0,1.0,8.96780557797507e-05,-9.319284458965361,9.319284458965361
husky,0,0,0,0,,,0.0,-inf,inf
hussy,0,0,0,0,,,0.0,-inf,inf
hustler,0,0,0,0,,,0.0,-inf,inf
hymen,13,33,15,46,0.2826086956521739,0.717391304347826,0.0013451708366962604,-6.611234257863152,6.611234257863152
hymie,8,23,11,31,0.25806451612903225,0.7419354838709677,0.0009864586135772577,-6.921389186166992,6.921389186166992
iblowu,9,16,9,25,0.36,0.64,0.0008071025020177562,-7.122059881629142,7.122059881629142
idiot,0,0,0,0,,,0.0,-inf,inf
ikey,0,0,0,0,,,0.0,-inf,inf
illegal,0,0,0,0,,,0.0,-inf,inf
insest,2106,32937,10805,35043,0.06009759438404246,0.9399024056159575,0.9689713927002063,-0.03152019002437547,0.03152019002437547
israel,1,8,3,9,0.1111111111111111,0.8888888888888888,0.0002690341673392521,-8.220672170297252,8.220672170297252
israeli,0,0,0,0,,,0.0,-inf,inf
itch,3,18,7,21,0.14285714285714285,0.8571428571428571,0.0006277463904582549,-7.373374309910049,7.373374309910049
jackass,2,4,2,6,0.3333333333333333,0.6666666666666666,0.0001793561115595014,-8.626137278405416,8.626137278405416
jackoff,0,0,0,0,,,0.0,-inf,inf
jade,0,0,0,0,,,0.0,-inf,inf
jap,3,3,2,6,0.5,0.5,0.0001793561115595014,-8.626137278405416,8.626137278405416
japcrap,0,0,0,0,,,0.0,-inf,inf
jebus,10,22,11,32,0.3125,0.6875,0.0009864586135772577,-6.921389186166992,6.921389186166992
jeez,10,19,9,29,0.3448275862068966,0.6551724137931034,0.0008071025020177562,-7.122059881629142,7.122059881629142
jerkoff,0,0,0,0,,,0.0,-inf,inf
jesus,4,2,2,6,0.6666666666666666,0.3333333333333333,0.0001793561115595014,-8.626137278405416,8.626137278405416
jew,9,21,9,30,0.3,0.7,0.0008071025020177562,-7.122059881629142,7.122059881629142
jewish,9,9,6,18,0.5,0.5,0.0005380683346785041,-7.527524989737307,7.527524989737307
jiga,8,7,5,15,0.5333333333333333,0.4666666666666667,0.0004483902788987535,-7.709846546531262,7.709846546531262
jigg,0,0,0,0,,,0.0,-inf,inf
jigga,0,6,1,6,0.0,1.0,8.96780557797507e-05,-9.319284458965361,9.319284458965361
jiggabo,0,0,0,0,,,0.0,-inf,inf
jigger,0,0,0,0,,,0.0,-inf,inf
jiggy,0,0,0,0,,,0.0,-inf,inf
jihad,1,11,4,12,0.08333333333333333,0.9166666666666666,0.0003587122231190028,-7.9329900978454715,7.9329900978454715
jimfish,0,0,0,0,,,0.0,-inf,inf
jism,0,0,0,0,,,0.0,-inf,inf
jiz,0,0,0,0,,,0.0,-inf,inf
jizim,0,0,0,0,,,0.0,-inf,inf
jizm,1,28,10,29,0.034482758620689655,0.9655172413793104,0.000896780557797507,-7.016699365971316,7.016699365971316
jizzim,0,0,0,0,,,0.0,-inf,inf
jizzum,0,0,0,0,,,0.0,-inf,inf
joint,0,0,0,0,,,0.0,-inf,inf
juggalo,1,2,1,3,0.3333333333333333,0.6666666666666666,8.96780557797507e-05,-9.319284458965361,9.319284458965361
jugs,0,0,0,0,,,0.0,-inf,inf
kaffer,0,0,0,0,,,0.0,-inf,inf
kaffir,0,0,0,0,,,0.0,-inf,inf
kaffre,79,411,159,490,0.16122448979591836,0.8387755102040816,0.01425881086898036,-4.250380256745131,4.250380256745131
kafir,0,0,0,0,,,0.0,-inf,inf
kanake,143,534,214,677,0.21122599704579026,0.7887740029542097,0.019191103936866648,-3.95330844394351,3.95330844394351
kid,21,86,35,107,0.19626168224299065,0.8037383177570093,0.003138731952291274,-5.763936397475948,5.763936397475948
kigger,2,40,13,42,0.047619047619047616,0.9523809523809523,0.001165814725136759,-6.754335101503825,6.754335101503825
kill,6,25,10,31,0.1935483870967742,0.8064516129032258,0.000896780557797507,-7.016699365971316,7.016699365971316
killed,10,45,15,55,0.18181818181818182,0.8181818181818182,0.0013451708366962604,-6.611234257863152,6.611234257863152
killer,1,17,6,18,0.05555555555555555,0.9444444444444444,0.0005380683346785041,-7.527524989737307,7.527524989737307
killing,0,0,0,0,,,0.0,-inf,inf
kills,11,104,37,115,0.09565217391304348,0.9043478260869565,0.0033180880638507756,-5.7083665463211375,5.7083665463211375
kink,2,4,2,6,0.3333333333333333,0.6666666666666666,0.0001793561115595014,-8.626137278405416,8.626137278405416
kissass,0,0,0,0,,,0.0,-inf,inf
kkk,0,0,0,0,,,0.0,-inf,inf
knife,0,0,0,0,,,0.0,-inf,inf
kock,0,0,0,0,,,0.0,-inf,inf
kondum,0,0,0,0,,,0.0,-inf,inf
koon,0,0,0,0,,,0.0,-inf,inf
kotex,2,4,2,6,0.3333333333333333,0.6666666666666666,0.0001793561115595014,-8.626137278405416,8.626137278405416
krap,0,9,2,9,0.0,1.0,0.0001793561115595014,-8.626137278405416,8.626137278405416
krappy,0,0,0,0,,,0.0,-inf,inf
kraut,0,0,0,0,,,0.0,-inf,inf
kum,0,0,0,0,,,0.0,-inf,inf
kummer,0,0,0,0,,,0.0,-inf,inf
kumming,0,0,0,0,,,0.0,-inf,inf
kumquat,85,701,254,786,0.10814249363867684,0.8918575063613231,0.022778226168056675,-3.7819501919468252,3.7819501919468252
kums,0,0,0,0,,,0.0,-inf,inf
kunt,0,0,0,0,,,0.0,-inf,inf
ky,0,42,14,42,0.0,1.0,0.0012554927809165098,-6.680227129350103,6.680227129350103
kyke,2,27,8,29,0.06896551724137931,0.9310344827586207,0.0007174244462380056,-7.239842917285526,7.239842917285526
lactate,0,0,0,0,,,0.0,-inf,inf
laid,0,0,0,0,,,0.0,-inf,inf
latin,6,21,9,27,0.2222222222222222,0.7777777777777778,0.0008071025020177562,-7.122059881629142,7.122059881629142
lesbain,0,0,0,0,,,0.0,-inf,inf
lesbayn,1,5,2,6,0.16666666666666666,0.8333333333333334,0.0001793561115595014,-8.626137278405416,8.626137278405416
lesbian,6,32,13,38,0.15789473684210525,0.8421052631578947,0.001165814725136759,-6.754335101503825,6.754335101503825
lesbin,0,0,0,0,,,0.0,-inf,inf
lesbo,0,0,0,0,,,0.0,-inf,inf
lez,1,2,1,3,0.3333333333333333,0.6666666666666666,8.96780557797507e-05,-9.319284458965361,9.319284458965361
lezbe,0,0,0,0,,,0.0,-inf,inf
lezbo,21,28,15,49,0.42857142857142855,0.5714285714285714,0.0013451708366962604,-6.611234257863152,6.611234257863152
lezz,0,0,0,0,,,0.0,-inf,inf
lezzo,3,9,4,12,0.25,0.75,0.0003587122231190028,-7.9329900978454715,7.9329900978454715
liberal,0,0,0,0,,,0.0,-inf,inf
libido,21,146,51,167,0.12574850299401197,0.874251497005988,0.0045735808447672855,-5.387458826241036,5.387458826241036
licker,0,0,0,0,,,0.0,-inf,inf
lickme,0,3,1,3,0.0,1.0,8.96780557797507e-05,-9.319284458965361,9.319284458965361
lies,0,22,8,22,0.0,1.0,0.0007174244462380056,-7.239842917285526,7.239842917285526
limey,0,3,1,3,0.0,1.0,8.96780557797507e-05,-9.319284458965361,9.319284458965361
limy,12,49,19,61,0.19672131147540983,0.8032786885245902,0.0017038830598152632,-6.374845479798921,6.374845479798921
liquor,0,12,3,12,0.0,1.0,0.0002690341673392521,-8.220672170297252,8.220672170297252
looser,0,0,0,0,,,0.0,-inf,inf
loser,0,0,0,0,,,0.0,-inf,inf
lotion,2,7,3,9,0.2222222222222222,0.7777777777777778,0.0002690341673392521,-8.220672170297252,8.220672170297252
lovegoo,0,12,4,12,0.0,1.0,0.0003587122231190028,-7.9329900978454715,7.9329900978454715
lovegun,0,0,0,0,,,0.0,-inf,inf
lowlife,0,0,0,0,,,0.0,-inf,inf
lsd,0,0,0,0,,,0.0,-inf,inf
lubejob,0,0,0,0,,,0.0,-inf,inf
lucifer,0,0,0,0,,,0.0,-inf,inf
lugan,98,1056,365,1154,0.08492201039861352,0.9150779896013865,0.032732490359609005,-3.4193871053828704,3.4193871053828704
lynch,0,0,0,0,,,0.0,-inf,inf
macaca,0,0,0,0,,,0.0,-inf,inf
mad,50,538,186,588,0.08503401360544217,0.9149659863945578,0.01668011837503363,-4.093537785252161,4.093537785252161
mafia,8,26,10,34,0.23529411764705882,0.7647058823529411,0.000896780557797507,-7.016699365971316,7.016699365971316
mams,0,0,0,0,,,0.0,-inf,inf
meth,0,0,0,0,,,0.0,-inf,inf
mexican,3,0,1,3,1.0,0.0,8.96780557797507e-05,-9.319284458965361,9.319284458965361
mgger,0,0,0,0,,,0.0,-inf,inf
mggor,0,0,0,0,,,0.0,-inf,inf
mideast,0,0,0,0,,,0.0,-inf,inf
mockey,1,11,4,12,0.08333333333333333,0.9166666666666666,0.0003587122231190028,-7.9329900978454715,7.9329900978454715
mockie,0,3,1,3,0.0,1.0,8.96780557797507e-05,-9.319284458965361,9.319284458965361
mocky,4,4,3,8,0.5,0.5,0.0002690341673392521,-8.220672170297252,8.220672170297252
mofo,4,4,3,8,0.5,0.5,0.0002690341673392521,-8.220672170297252,8.220672170297252
moky,0,3,1,3,0.0,1.0,8.96780557797507e-05,-9.319284458965361,9.319284458965361
moles,8,26,12,34,0.23529411764705882,0.7647058823529411,0.0010761366693570083,-6.8343778091773615,6.8343778091773615
molest,3,0,1,3,1.0,0.0,8.96780557797507e-05,-9.319284458965361,9.319284458965361
mormon,0,6,2,6,0.0,1.0,0.0001793561115595014,-8.626137278405416,8.626137278405416
moron,1,2,1,3,0.3333333333333333,0.6666666666666666,8.96780557797507e-05,-9.319284458965361,9.319284458965361
moslem,0,0,0,0,,,0.0,-inf,inf
muff,0,2,1,2,0.0,1.0,8.96780557797507e-05,-9.319284458965361,9.319284458965361
mulatto,10,42,17,52,0.19230769230769232,0.8076923076923077,0.001524526948255762,-6.486071114909146,6.486071114909146
muncher,6,12,5,18,0.3333333333333333,0.6666666666666666,0.0004483902788987535,-7.709846546531262,7.709846546531262
munt,9,87,32,96,0.09375,0.90625,0.0028696977849520223,-5.853548556165635,5.853548556165635
murder,22,220,76,242,0.09090909090909091,0.9090909090909091,0.006815532239261053,-4.98855111867903,4.98855111867903
muslim,0,0,0,0,,,0.0,-inf,inf
naked,0,0,0,0,,,0.0,-inf,inf
nasty,0,0,0,0,,,0.0,-inf,inf
nastyho,3,3,2,6,0.5,0.5,0.0001793561115595014,-8.626137278405416,8.626137278405416
nazi,0,0,0,0,,,0.0,-inf,inf
necro,1905,6912,2718,8817,0.21605988431439266,0.7839401156856074,0.24374495560936238,-1.4116328642542728,1.4116328642542728
negroes,5,0,2,5,1.0,0.0,0.0001793561115595014,-8.626137278405416,8.626137278405416
negroid,1764,5924,2353,7688,0.2294484911550468,0.7705515088449532,0.2110124652497534,-1.5558380702379992,1.5558380702379992
nig,0,0,0,0,,,0.0,-inf,inf
niger,24,112,41,136,0.17647058823529413,0.8235294117647058,0.0036768002869697787,-5.605712392261054,5.605712392261054
nigg,154,116,87,270,0.5703703703703704,0.42962962962962964,0.00780199085283831,-4.853376340310778,4.853376340310778
niggah,7,21,10,28,0.25,0.75,0.000896780557797507,-7.016699365971316,7.016699365971316
niggard,0,0,0,0,,,0.0,-inf,inf
niggaz,0,0,0,0,,,0.0,-inf,inf
niggers,0,0,0,0,,,0.0,-inf,inf
niggle,0,3,1,3,0.0,1.0,8.96780557797507e-05,-9.319284458965361,9.319284458965361
niggled,11,21,11,32,0.34375,0.65625,0.0009864586135772577,-6.921389186166992,6.921389186166992
niggles,0,0,0,0,,,0.0,-inf,inf
niggor,1,2,1,3,0.3333333333333333,0.6666666666666666,8.96780557797507e-05,-9.319284458965361,9.319284458965361
niggur,1,2,1,3,0.3333333333333333,0.6666666666666666,8.96780557797507e-05,-9.319284458965361,9.319284458965361
niglet,0,0,0,0,,,0.0,-inf,inf
nignog,16,165,64,181,0.08839779005524862,0.9116022099447514,0.0057393955699040445,-5.16040137560569,5.16040137560569
nigr,0,0,0,0,,,0.0,-inf,inf
nigra,0,0,0,0,,,0.0,-inf,inf
nigre,0,0,0,0,,,0.0,-inf,inf
nip,0,0,0,0,,,0.0,-inf,inf
nittit,0,0,0,0,,,0.0,-inf,inf
nlgger,0,0,0,0,,,0.0,-inf,inf
nlggor,0,0,0,0,,,0.0,-inf,inf
nook,0,0,0,0,,,0.0,-inf,inf
nookey,0,0,0,0,,,0.0,-inf,inf
nookie,0,0,0,0,,,0.0,-inf,inf
noonan,0,0,0,0,,,0.0,-inf,inf
nooner,6,48,19,54,0.1111111111111111,0.8888888888888888,0.0017038830598152632,-6.374845479798921,6.374845479798921
nudger,8,85,32,93,0.08602150537634409,0.9139784946236559,0.0028696977849520223,-5.853548556165635,5.853548556165635
nuke,0,0,0,0,,,0.0,-inf,inf
nymph,0,6,1,6,0.0,1.0,8.96780557797507e-05,-9.319284458965361,9.319284458965361
oral,0,0,0,0,,,0.0,-inf,inf
orga,0,0,0,0,,,0.0,-inf,inf
orgasim,0,2,1,2,0.0,1.0,8.96780557797507e-05,-9.319284458965361,9.319284458965361
orgies,1,70,22,71,0.014084507042253521,0.9859154929577465,0.0019729172271545155,-6.228242005607046,6.228242005607046
osama,0,0,0,0,,,0.0,-inf,inf
pansies,12,27,14,39,0.3076923076923077,0.6923076923076923,0.0012554927809165098,-6.680227129350103,6.680227129350103
pansy,8,25,12,33,0.24242424242424243,0.7575757575757576,0.0010761366693570083,-6.8343778091773615,6.8343778091773615
panti,13,122,44,135,0.0962962962962963,0.9037037037037037,0.003945834454309031,-5.535094825047101,5.535094825047101
payo,0,0,0,0,,,0.0,-inf,inf
peck,0,0,0,0,,,0.0,-inf,inf
pecker,0,0,0,0,,,0.0,-inf,inf
pee,0,0,0,0,,,0.0,-inf,inf
peehole,0,0,0,0,,,0.0,-inf,inf
pendy,0,14,4,14,0.0,1.0,0.0003587122231190028,-7.9329900978454715,7.9329900978454715
peni5,0,0,0,0,,,0.0,-inf,inf
penile,0,0,0,0,,,0.0,-inf,inf
penises,0,0,0,0,,,0.0,-inf,inf
period,0,0,0,0,,,0.0,-inf,inf
perv,0,0,0,0,,,0.0,-inf,inf
phuk,0,0,0,0,,,0.0,-inf,inf
phuked,0,0,0,0,,,0.0,-inf,inf
phuking,0,0,0,0,,,0.0,-inf,inf
phukked,0,0,0,0,,,0.0,-inf,inf
phungky,7,87,32,94,0.07446808510638298,0.925531914893617,0.0028696977849520223,-5.853548556165635,5.853548556165635
phuq,0,0,0,0,,,0.0,-inf,inf
pi55,0,0,0,0,,,0.0,-inf,inf
piker,0,0,0,0,,,0.0,-inf,inf
piky,19,142,52,161,0.11801242236024845,0.8819875776397516,0.004663258900547036,-5.368040740383934,5.368040740383934
pimp,7,50,19,57,0.12280701754385964,0.8771929824561403,0.0017038830598152632,-6.374845479798921,6.374845479798921
pimped,0,0,0,0,,,0.0,-inf,inf
pimper,0,11,4,11,0.0,1.0,0.0003587122231190028,-7.9329900978454715,7.9329900978454715
pindick,1,20,7,21,0.047619047619047616,0.9523809523809523,0.0006277463904582549,-7.373374309910049,7.373374309910049
piss,0,0,0,0,,,0.0,-inf,inf
pissed,1,17,6,18,0.05555555555555555,0.9444444444444444,0.0005380683346785041,-7.527524989737307,7.527524989737307
pisser,0,0,0,0,,,0.0,-inf,inf
pisses,0,0,0,0,,,0.0,-inf,inf
pissin,0,0,0,0,,,0.0,-inf,inf
pissoff,0,0,0,0,,,0.0,-inf,inf
pistol,0,0,0,0,,,0.0,-inf,inf
pixie,0,0,0,0,,,0.0,-inf,inf
pixy,3,13,6,16,0.1875,0.8125,0.0005380683346785041,-7.527524989737307,7.527524989737307
pocha,0,0,0,0,,,0.0,-inf,inf
pocho,0,0,0,0,,,0.0,-inf,inf
pohm,29,154,60,183,0.15846994535519127,0.8415300546448088,0.0053806833467850415,-5.224939896743261,5.224939896743261
polack,3,13,6,16,0.1875,0.8125,0.0005380683346785041,-7.527524989737307,7.527524989737307
pom,0,0,0,0,,,0.0,-inf,inf
pommie,0,0,0,0,,,0.0,-inf,inf
pommy,0,0,0,0,,,0.0,-inf,inf
poo,32,256,92,288,0.1111111111111111,0.8888888888888888,0.008250381131737063,-4.797495881916322,4.797495881916322
poop,0,3,1,3,0.0,1.0,8.96780557797507e-05,-9.319284458965361,9.319284458965361
pooper,6,83,29,89,0.06741573033707865,0.9325842696629213,0.00260066361761277,-5.951988628978888,5.951988628978888
pooping,1,4,2,5,0.2,0.8,0.0001793561115595014,-8.626137278405416,8.626137278405416
popimp,2,36,13,38,0.05263157894736842,0.9473684210526315,0.001165814725136759,-6.754335101503825,6.754335101503825
pot,0,0,0,0,,,0.0,-inf,inf
poverty,0,0,0,0,,,0.0,-inf,inf
pric,0,3,1,3,0.0,1.0,8.96780557797507e-05,-9.319284458965361,9.319284458965361
prick,0,0,0,0,,,0.0,-inf,inf
pros,1,23,6,24,0.041666666666666664,0.9583333333333334,0.0005380683346785041,-7.527524989737307,7.527524989737307
pu55i,0,0,0,0,,,0.0,-inf,inf
pu55y,1,20,5,21,0.047619047619047616,0.9523809523809523,0.0004483902788987535,-7.709846546531262,7.709846546531262
pube,0,0,0,0,,,0.0,-inf,inf
pubic,0,15,4,15,0.0,1.0,0.0003587122231190028,-7.9329900978454715,7.9329900978454715
pud,0,0,0,0,,,0.0,-inf,inf
pudboy,385,6477,2164,6862,0.05610609151850773,0.9438939084814922,0.1940633127073805,-1.6395708189989897,1.6395708189989897
pudd,24,281,98,305,0.07868852459016394,0.921311475409836,0.008788449466415568,-4.73431698029479,4.73431698029479
puddboy,24,281,98,305,0.07868852459016394,0.921311475409836,0.008788449466415568,-4.73431698029479,4.73431698029479
puke,0,0,0,0,,,0.0,-inf,inf
puntang,0,0,0,0,,,0.0,-inf,inf
puss,118,142,86,260,0.45384615384615384,0.5461538461538461,0.00771231279705856,-4.864937162711854,4.864937162711854
pussie,0,0,0,0,,,0.0,-inf,inf
pussies,0,0,0,0,,,0.0,-inf,inf
pusy,1,8,3,9,0.1111111111111111,0.8888888888888888,0.0002690341673392521,-8.220672170297252,8.220672170297252
quashie,5,6,4,11,0.45454545454545453,0.5454545454545454,0.0003587122231190028,-7.9329900978454715,7.9329900978454715
queer,65,69,44,134,0.48507462686567165,0.5149253731343284,0.003945834454309031,-5.535094825047101,5.535094825047101
quickie,7,1,2,8,0.875,0.125,0.0001793561115595014,-8.626137278405416,8.626137278405416
ra8s,0,29,10,29,0.0,1.0,0.000896780557797507,-7.016699365971316,7.016699365971316
rabbi,8,28,12,36,0.2222222222222222,0.7777777777777778,0.0010761366693570083,-6.8343778091773615,6.8343778091773615
racial,2,0,1,2,1.0,0.0,8.96780557797507e-05,-9.319284458965361,9.319284458965361
racist,0,0,0,0,,,0.0,-inf,inf
radical,63,149,75,212,0.2971698113207547,0.7028301886792453,0.006725854183481302,-5.001796345429051,5.001796345429051
randy,0,0,0,0,,,0.0,-inf,inf
raped,0,0,0,0,,,0.0,-inf,inf
raper,0,0,0,0,,,0.0,-inf,inf
rearend,3,9,4,12,0.25,0.75,0.0003587122231190028,-7.9329900978454715,7.9329900978454715
redneck,1,5,2,6,0.16666666666666666,0.8333333333333334,0.0001793561115595014,-8.626137278405416,8.626137278405416
reefer,0,0,0,0,,,0.0,-inf,inf
reestie,265,846,380,1111,0.23852385238523852,0.7614761476147615,0.034077661196305266,-3.3791132062449303,3.3791132062449303
refugee,0,0,0,0,,,0.0,-inf,inf
reject,1,17,6,18,0.05555555555555555,0.9444444444444444,0.0005380683346785041,-7.527524989737307,7.527524989737307
remains,7,40,15,47,0.14893617021276595,0.851063829787234,0.0013451708366962604,-6.611234257863152,6.611234257863152
rere,0,3,1,3,0.0,1.0,8.96780557797507e-05,-9.319284458965361,9.319284458965361
retard,6,28,12,34,0.17647058823529413,0.8235294117647058,0.0010761366693570083,-6.8343778091773615,6.8343778091773615
ribbed,0,0,0,0,,,0.0,-inf,inf
rigger,0,0,0,0,,,0.0,-inf,inf
roach,0,0,0,0,,,0.0,-inf,inf
robber,0,0,0,0,,,0.0,-inf,inf
rump,1,2,1,3,0.3333333333333333,0.6666666666666666,8.96780557797507e-05,-9.319284458965361,9.319284458965361
russki,4,8,4,12,0.3333333333333333,0.6666666666666666,0.0003587122231190028,-7.9329900978454715,7.9329900978454715
russkie,0,0,0,0,,,0.0,-inf,inf
sadis,1,10,4,11,0.09090909090909091,0.9090909090909091,0.0003587122231190028,-7.9329900978454715,7.9329900978454715
sadom,0,3,1,3,0.0,1.0,8.96780557797507e-05,-9.319284458965361,9.319284458965361
sandm,9,17,9,26,0.34615384615384615,0.6538461538461539,0.0008071025020177562,-7.122059881629142,7.122059881629142
satan,0,0,0,0,,,0.0,-inf,inf
scag,3,0,1,3,1.0,0.0,8.96780557797507e-05,-9.319284458965361,9.319284458965361
screw,0,0,0,0,,,0.0,-inf,inf
scrotum,0,0,0,0,,,0.0,-inf,inf
scum,0,6,1,6,0.0,1.0,8.96780557797507e-05,-9.319284458965361,9.319284458965361
seppo,0,0,0,0,,,0.0,-inf,inf
servant,0,0,0,0,,,0.0,-inf,inf
sexed,0,0,0,0,,,0.0,-inf,inf
sexfarm,0,0,0,0,,,0.0,-inf,inf
sexing,2,10,4,12,0.16666666666666666,0.8333333333333334,0.0003587122231190028,-7.9329900978454715,7.9329900978454715
sexpot,0,0,0,0,,,0.0,-inf,inf
sextogo,0,11,4,11,0.0,1.0,0.0003587122231190028,-7.9329900978454715,7.9329900978454715
sextoy,2,55,18,57,0.03508771929824561,0.9649122807017544,0.0016142050040355124,-6.428912701069197,6.428912701069197
sextoys,0,0,0,0,,,0.0,-inf,inf
shag,0,0,0,0,,,0.0,-inf,inf
shaggin,0,0,0,0,,,0.0,-inf,inf
shat,0,0,0,0,,,0.0,-inf,inf
shav,1,4,2,5,0.2,0.8,0.0001793561115595014,-8.626137278405416,8.626137278405416
sheeney,0,0,0,0,,,0.0,-inf,inf
shhit,0,0,0,0,,,0.0,-inf,inf
shinola,0,0,0,0,,,0.0,-inf,inf
shitcan,0,0,0,0,,,0.0,-inf,inf
shite,12,34,12,46,0.2608695652173913,0.7391304347826086,0.0010761366693570083,-6.8343778091773615,6.8343778091773615
shited,0,6,2,6,0.0,1.0,0.0001793561115595014,-8.626137278405416,8.626137278405416
shitfit,0,0,0,0,,,0.0,-inf,inf
shiting,24,153,55,177,0.13559322033898305,0.864406779661017,0.0049322930678862885,-5.311951273732891,5.311951273732891
shitola,34,141,56,175,0.19428571428571428,0.8057142857142857,0.005021971123666039,-5.293932768230213,5.293932768230213
shits,3,9,4,12,0.25,0.75,0.0003587122231190028,-7.9329900978454715,7.9329900978454715
shitted,4,25,8,29,0.13793103448275862,0.8620689655172413,0.0007174244462380056,-7.239842917285526,7.239842917285526
shitter,0,2,1,2,0.0,1.0,8.96780557797507e-05,-9.319284458965361,9.319284458965361
shoot,0,0,0,0,,,0.0,-inf,inf
sick,0,0,0,0,,,0.0,-inf,inf
sissy,6,3,3,9,0.6666666666666666,0.3333333333333333,0.0002690341673392521,-8.220672170297252,8.220672170297252
skank,0,3,1,3,0.0,1.0,8.96780557797507e-05,-9.319284458965361,9.319284458965361
skanky,16,18,12,34,0.47058823529411764,0.5294117647058824,0.0010761366693570083,-6.8343778091773615,6.8343778091773615
skum,16,18,12,34,0.47058823529411764,0.5294117647058824,0.0010761366693570083,-6.8343778091773615,6.8343778091773615
skumbag,0,0,0,0,,,0.0,-inf,inf
slant,0,0,0,0,,,0.0,-inf,inf
slapper,0,0,0,0,,,0.0,-inf,inf
slav,3,48,13,51,0.058823529411764705,0.9411764705882353,0.001165814725136759,-6.754335101503825,6.754335101503825
slave,5,31,11,36,0.1388888888888889,0.8611111111111112,0.0009864586135772577,-6.921389186166992,6.921389186166992
slime,5,25,9,30,0.16666666666666666,0.8333333333333334,0.0008071025020177562,-7.122059881629142,7.122059881629142
slopey,16,117,44,133,0.12030075187969924,0.8796992481203008,0.003945834454309031,-5.535094825047101,5.535094825047101
slopy,0,0,0,0,,,0.0,-inf,inf
sluts,2,7,3,9,0.2222222222222222,0.7777777777777778,0.0002690341673392521,-8.220672170297252,8.220672170297252
slutt,0,6,2,6,0.0,1.0,0.0001793561115595014,-8.626137278405416,8.626137278405416
slutty,0,38,12,38,0.0,1.0,0.0010761366693570083,-6.8343778091773615,6.8343778091773615
smack,0,0,0,0,,,0.0,-inf,inf
snigger,0,0,0,0,,,0.0,-inf,inf
sniper,1,40,14,41,0.024390243902439025,0.975609756097561,0.0012554927809165098,-6.680227129350103,6.680227129350103
snot,0,0,0,0,,,0.0,-inf,inf
sob,1,12,5,13,0.07692307692307693,0.9230769230769231,0.0004483902788987535,-7.709846546531262,7.709846546531262
sodom,2,4,2,6,0.3333333333333333,0.6666666666666666,0.0001793561115595014,-8.626137278405416,8.626137278405416
sooty,0,0,0,0,,,0.0,-inf,inf
sos,0,0,0,0,,,0.0,-inf,inf
soviet,0,6,2,6,0.0,1.0,0.0001793561115595014,-8.626137278405416,8.626137278405416
spank,11,59,24,70,0.15714285714285714,0.8428571428571429,0.0021522733387140166,-6.141230628617416,6.141230628617416
sperm,0,0,0,0,,,0.0,-inf,inf
spick,0,0,0,0,,,0.0,-inf,inf
spig,0,0,0,0,,,0.0,-inf,inf
spik,0,3,1,3,0.0,1.0,8.96780557797507e-05,-9.319284458965361,9.319284458965361
spit,0,0,0,0,,,0.0,-inf,inf
spitter,0,18,6,18,0.0,1.0,0.0005380683346785041,-7.527524989737307,7.527524989737307
spunky,123,537,206,660,0.18636363636363637,0.8136363636363636,0.01847367949062864,-3.991408290175781,3.991408290175781
squaw,8,19,9,27,0.2962962962962963,0.7037037037037037,0.0008071025020177562,-7.122059881629142,7.122059881629142
stagg,0,0,0,0,,,0.0,-inf,inf
stiffy,0,0,0,0,,,0.0,-inf,inf
stroke,2,8,3,10,0.2,0.8,0.0002690341673392521,-8.220672170297252,8.220672170297252
stupid,3,21,5,24,0.125,0.875,0.0004483902788987535,-7.709846546531262,7.709846546531262
sucker,0,0,0,0,,,0.0,-inf,inf
suckme,0,0,0,0,,,0.0,-inf,inf
suckoff,0,8,3,8,0.0,1.0,0.0002690341673392521,-8.220672170297252,8.220672170297252
suicide,0,12,3,12,0.0,1.0,0.0002690341673392521,-8.220672170297252,8.220672170297252
swallow,2,9,4,11,0.18181818181818182,0.8181818181818182,0.0003587122231190028,-7.9329900978454715,7.9329900978454715
swalow,0,0,0,0,,,0.0,-inf,inf
taboo,0,0,0,0,,,0.0,-inf,inf
taff,278,908,404,1186,0.23440134907251264,0.7655986509274874,0.036229934535019284,-3.317869581004212,3.317869581004212
tampon,0,0,0,0,,,0.0,-inf,inf
tang,10,8,7,18,0.5555555555555556,0.4444444444444444,0.0006277463904582549,-7.373374309910049,7.373374309910049
tantra,0,0,0,0,,,0.0,-inf,inf
tarbaby,0,0,0,0,,,0.0,-inf,inf
tard,0,0,0,0,,,0.0,-inf,inf
teat,0,0,0,0,,,0.0,-inf,inf
terror,7,79,26,86,0.08139534883720931,0.9186046511627907,0.002331629450273518,-6.06118792094388,6.06118792094388
teste,0,0,0,0,,,0.0,-inf,inf
tinkle,6,15,5,21,0.2857142857142857,0.7142857142857143,0.0004483902788987535,-7.709846546531262,7.709846546531262
titfuck,6,57,21,63,0.09523809523809523,0.9047619047619048,0.0018832391713747645,-6.274762021241939,6.274762021241939
titjob,2,7,3,9,0.2222222222222222,0.7777777777777778,0.0002690341673392521,-8.220672170297252,8.220672170297252
tittie,2,7,3,9,0.2222222222222222,0.7777777777777778,0.0002690341673392521,-8.220672170297252,8.220672170297252
tnt,0,3,1,3,0.0,1.0,8.96780557797507e-05,-9.319284458965361,9.319284458965361
toilet,2,9,4,11,0.18181818181818182,0.8181818181818182,0.0003587122231190028,-7.9329900978454715,7.9329900978454715
tongue,0,0,0,0,,,0.0,-inf,inf
tortur,1,3,1,4,0.25,0.75,8.96780557797507e-05,-9.319284458965361,9.319284458965361
torture,0,0,0,0,,,0.0,-inf,inf
tramp,6,53,20,59,0.1016949152542373,0.8983050847457628,0.001793561115595014,-6.323552185411371,6.323552185411371
trannie,0,0,0,0,,,0.0,-inf,inf
triplex,1249,7860,2846,9109,0.13711713689757382,0.8628828631024261,0.2552237467491705,-1.3656146803155642,1.3656146803155642
trojan,23,343,119,366,0.06284153005464481,0.9371584699453552,0.010671688637790333,-4.540160965853833,4.540160965853833
trots,0,0,0,0,,,0.0,-inf,inf
turd,0,0,0,0,,,0.0,-inf,inf
turnon,0,0,0,0,,,0.0,-inf,inf
uck,0,0,0,0,,,0.0,-inf,inf
uk,0,0,0,0,,,0.0,-inf,inf
urinary,1,5,2,6,0.16666666666666666,0.8333333333333334,0.0001793561115595014,-8.626137278405416,8.626137278405416
urinate,0,0,0,0,,,0.0,-inf,inf
urine,0,6,2,6,0.0,1.0,0.0001793561115595014,-8.626137278405416,8.626137278405416
usama,5,48,18,53,0.09433962264150944,0.9056603773584906,0.0016142050040355124,-6.428912701069197,6.428912701069197
uterus,3,5,3,8,0.375,0.625,0.0002690341673392521,-8.220672170297252,8.220672170297252
vaginal,0,3,1,3,0.0,1.0,8.96780557797507e-05,-9.319284458965361,9.319284458965361
vatican,0,0,0,0,,,0.0,-inf,inf
vibr,0,0,0,0,,,0.0,-inf,inf
virgin,0,0,0,0,,,0.0,-inf,inf
vomit,3,9,4,12,0.25,0.75,0.0003587122231190028,-7.9329900978454715,7.9329900978454715
wab,0,9,1,9,0.0,1.0,8.96780557797507e-05,-9.319284458965361,9.319284458965361
wanker,0,0,0,0,,,0.0,-inf,inf
wanking,0,0,0,0,,,0.0,-inf,inf
waysted,6,9,5,15,0.4,0.6,0.0004483902788987535,-7.709846546531262,7.709846546531262
weapon,34,17,16,51,0.6666666666666666,0.3333333333333333,0.0014348488924760111,-6.546695736725581,6.546695736725581
weenie,0,0,0,0,,,0.0,-inf,inf
weewee,0,3,1,3,0.0,1.0,8.96780557797507e-05,-9.319284458965361,9.319284458965361
welcher,0,0,0,0,,,0.0,-inf,inf
welfare,5,10,5,15,0.3333333333333333,0.6666666666666666,0.0004483902788987535,-7.709846546531262,7.709846546531262
wetb,1,2,1,3,0.3333333333333333,0.6666666666666666,8.96780557797507e-05,-9.319284458965361,9.319284458965361
wetspot,413,632,350,1045,0.3952153110047847,0.6047846889952153,0.031387319522912745,-3.4613513044819024,3.4613513044819024
whacker,11,12,8,23,0.4782608695652174,0.5217391304347826,0.0007174244462380056,-7.239842917285526,7.239842917285526
whash,45,21,20,66,0.6818181818181818,0.3181818181818182,0.001793561115595014,-6.323552185411371,6.323552185411371
whigger,0,3,1,3,0.0,1.0,8.96780557797507e-05,-9.319284458965361,9.319284458965361
whiskey,2,7,3,9,0.2222222222222222,0.7777777777777778,0.0002690341673392521,-8.220672170297252,8.220672170297252
whit,10,25,13,35,0.2857142857142857,0.7142857142857143,0.001165814725136759,-6.754335101503825,6.754335101503825
whites,0,3,1,3,0.0,1.0,8.96780557797507e-05,-9.319284458965361,9.319284458965361
whitey,4,20,8,24,0.16666666666666666,0.8333333333333334,0.0007174244462380056,-7.239842917285526,7.239842917285526
whiz,220,2028,715,2248,0.09786476868327403,0.902135231316726,0.06411980988252175,-2.747001916271354,2.747001916271354
whop,0,0,0,0,,,0.0,-inf,inf
wigger,7,43,16,50,0.14,0.86,0.0014348488924760111,-6.546695736725581,6.546695736725581
willie,18,242,80,260,0.06923076923076923,0.9307692307692308,0.007174244462380056,-4.93725782429148,4.93725782429148
willy,0,20,5,20,0.0,1.0,0.0004483902788987535,-7.709846546531262,7.709846546531262
wn,0,0,0,0,,,0.0,-inf,inf
wog,0,14,5,14,0.0,1.0,0.0004483902788987535,-7.709846546531262,7.709846546531262
wop,0,0,0,0,,,0.0,-inf,inf
wtf,0,0,0,0,,,0.0,-inf,inf
wuss,0,0,0,0,,,0.0,-inf,inf
wuzzie,0,0,0,0,,,0.0,-inf,inf
xtc,0,0,0,0,,,0.0,-inf,inf
yankee,0,0,0,0,,,0.0,-inf,inf
zigabo,0,0,0,0,,,0.0,-inf,inf
0rgasms,0,0,0,0,,,0.0,-inf,inf
4r5e,0,3,1,3,0.0,1.0,8.96780557797507e-05,-9.319284458965361,9.319284458965361
4r5ed,0,0,0,0,,,0.0,-inf,inf
4r5es,0,0,0,0,,,0.0,-inf,inf
4skin,0,0,0,0,,,0.0,-inf,inf
5h17,0,0,0,0,,,0.0,-inf,inf
5h1t,0,0,0,0,,,0.0,-inf,inf
5kank,0,0,0,0,,,0.0,-inf,inf
abbie,0,0,0,0,,,0.0,-inf,inf
abeed,0,0,0,0,,,0.0,-inf,inf
aboe,0,0,0,0,,,0.0,-inf,inf
ar5e,0,0,0,0,,,0.0,-inf,inf
ashole,15,117,41,132,0.11363636363636363,0.8863636363636364,0.0036768002869697787,-5.605712392261054,5.605712392261054
assface,0,0,0,0,,,0.0,-inf,inf
assfck,0,0,0,0,,,0.0,-inf,inf
assfk,0,0,0,0,,,0.0,-inf,inf
assfker,0,0,0,0,,,0.0,-inf,inf
assfkr,0,0,0,0,,,0.0,-inf,inf
assfook,0,0,0,0,,,0.0,-inf,inf
asshol3,0,0,0,0,,,0.0,-inf,inf
azz,0,0,0,0,,,0.0,-inf,inf
azzhole,0,0,0,0,,,0.0,-inf,inf
b00bz,0,0,0,0,,,0.0,-inf,inf
b0llock,0,0,0,0,,,0.0,-inf,inf
b17ch,0,0,0,0,,,0.0,-inf,inf
b1otch,0,0,0,0,,,0.0,-inf,inf
b1otchs,0,0,0,0,,,0.0,-inf,inf
b1tch,0,0,0,0,,,0.0,-inf,inf
b1tch35,0,0,0,0,,,0.0,-inf,inf
b1tch3s,0,0,0,0,,,0.0,-inf,inf
b1tches,0,0,0,0,,,0.0,-inf,inf
b1tchez,0,3,1,3,0.0,1.0,8.96780557797507e-05,-9.319284458965361,9.319284458965361
b1tchin,2,1,1,3,0.6666666666666666,0.3333333333333333,8.96780557797507e-05,-9.319284458965361,9.319284458965361
b1tchs,1,2,1,3,0.3333333333333333,0.6666666666666666,8.96780557797507e-05,-9.319284458965361,9.319284458965361
b1tchy,0,3,1,3,0.0,1.0,8.96780557797507e-05,-9.319284458965361,9.319284458965361
ballbag,0,0,0,0,,,0.0,-inf,inf
basterd,0,5,2,5,0.0,1.0,0.0001793561115595014,-8.626137278405416,8.626137278405416
bastid,0,0,0,0,,,0.0,-inf,inf
basturd,0,0,0,0,,,0.0,-inf,inf
bater,0,0,0,0,,,0.0,-inf,inf
bates,0,0,0,0,,,0.0,-inf,inf
batshit,1,2,1,3,0.3333333333333333,0.6666666666666666,8.96780557797507e-05,-9.319284458965361,9.319284458965361
bbc,1,2,1,3,0.3333333333333333,0.6666666666666666,8.96780557797507e-05,-9.319284458965361,9.319284458965361
beeotch,0,0,0,0,,,0.0,-inf,inf
bellend,0,6,2,6,0.0,1.0,0.0001793561115595014,-8.626137278405416,8.626137278405416
bender,0,9,3,9,0.0,1.0,0.0002690341673392521,-8.220672170297252,8.220672170297252
bewbs,0,0,0,0,,,0.0,-inf,inf
beyoch,5,46,18,51,0.09803921568627451,0.9019607843137255,0.0016142050040355124,-6.428912701069197,6.428912701069197
beyotch,0,0,0,0,,,0.0,-inf,inf
biches,0,5,2,5,0.0,1.0,0.0001793561115595014,-8.626137278405416,8.626137278405416
biotch,16,120,42,136,0.11764705882352941,0.8823529411764706,0.003766478342749529,-5.581614840681993,5.581614840681993
bishes,0,0,0,0,,,0.0,-inf,inf
bitch3s,0,0,0,0,,,0.0,-inf,inf
bitched,0,0,0,0,,,0.0,-inf,inf
bitchs,0,0,0,0,,,0.0,-inf,inf
bizzach,0,0,0,0,,,0.0,-inf,inf
BJ,0,0,0,0,,,0.0,-inf,inf
blacky,0,0,0,0,,,0.0,-inf,inf
boll0ck,0,0,0,0,,,0.0,-inf,inf
bollox,0,0,0,0,,,0.0,-inf,inf
breasts,0,0,0,0,,,0.0,-inf,inf
bullshi,0,0,0,0,,,0.0,-inf,inf
bumhole,0,0,0,0,,,0.0,-inf,inf
bwc,0,0,0,0,,,0.0,-inf,inf
c00n,0,0,0,0,,,0.0,-inf,inf
c00nies,3,23,8,26,0.11538461538461539,0.8846153846153846,0.0007174244462380056,-7.239842917285526,7.239842917285526
c0ck,0,0,0,0,,,0.0,-inf,inf
c0cks,0,0,0,0,,,0.0,-inf,inf
c0x,0,0,0,0,,,0.0,-inf,inf
c0xux0r,0,0,0,0,,,0.0,-inf,inf
caaak,0,0,0,0,,,0.0,-inf,inf
caca,0,0,0,0,,,0.0,-inf,inf
cack,0,0,0,0,,,0.0,-inf,inf
cagone,0,0,0,0,,,0.0,-inf,inf
cajones,0,14,4,14,0.0,1.0,0.0003587122231190028,-7.9329900978454715,7.9329900978454715
cawk,0,3,1,3,0.0,1.0,8.96780557797507e-05,-9.319284458965361,9.319284458965361
cawks,0,6,1,6,0.0,1.0,8.96780557797507e-05,-9.319284458965361,9.319284458965361
ch1nk,0,0,0,0,,,0.0,-inf,inf
chocha,9,66,24,75,0.12,0.88,0.0021522733387140166,-6.141230628617416,6.141230628617416
cholo,0,4,2,4,0.0,1.0,0.0001793561115595014,-8.626137278405416,8.626137278405416
cockboy,0,0,0,0,,,0.0,-inf,inf
cockhed,0,15,4,15,0.0,1.0,0.0003587122231190028,-7.9329900978454715,7.9329900978454715
cocksuk,0,0,0,0,,,0.0,-inf,inf
cocsuck,0,0,0,0,,,0.0,-inf,inf
coon1es,0,0,0,0,,,0.0,-inf,inf
cooni3s,0,0,0,0,,,0.0,-inf,inf
coonie,27,123,45,150,0.18,0.82,0.004035512510088781,-5.512621969195042,5.512621969195042
coonies,0,0,0,0,,,0.0,-inf,inf
coot,0,0,0,0,,,0.0,-inf,inf
cooter,0,3,1,3,0.0,1.0,8.96780557797507e-05,-9.319284458965361,9.319284458965361
cooties,0,0,0,0,,,0.0,-inf,inf
crotchy,0,0,0,0,,,0.0,-inf,inf
crow,0,0,0,0,,,0.0,-inf,inf
crows,0,0,0,0,,,0.0,-inf,inf
cumball,0,0,0,0,,,0.0,-inf,inf
cums,0,0,0,0,,,0.0,-inf,inf
cumslut,9,36,14,45,0.2,0.8,0.0012554927809165098,-6.680227129350103,6.680227129350103
cumz,0,0,0,0,,,0.0,-inf,inf
cuntbag,0,0,0,0,,,0.0,-inf,inf
cuntits,0,0,0,0,,,0.0,-inf,inf
cunts,0,0,0,0,,,0.0,-inf,inf
cunty,0,0,0,0,,,0.0,-inf,inf
cuntz,0,0,0,0,,,0.0,-inf,inf
cuunt,0,0,0,0,,,0.0,-inf,inf
d1ck,0,2,1,2,0.0,1.0,8.96780557797507e-05,-9.319284458965361,9.319284458965361
d1cks,0,0,0,0,,,0.0,-inf,inf
d1ckz,0,0,0,0,,,0.0,-inf,inf
d1ldo,12,24,12,36,0.3333333333333333,0.6666666666666666,0.0010761366693570083,-6.8343778091773615,6.8343778091773615
dafuq,0,0,0,0,,,0.0,-inf,inf
darkass,0,0,0,0,,,0.0,-inf,inf
dicks,0,0,0,0,,,0.0,-inf,inf
dickvag,0,0,0,0,,,0.0,-inf,inf
dickz,0,0,0,0,,,0.0,-inf,inf
dikhead,0,0,0,0,,,0.0,-inf,inf
diks,0,0,0,0,,,0.0,-inf,inf
dild0,0,0,0,0,,,0.0,-inf,inf
dipsh1t,0,0,0,0,,,0.0,-inf,inf
dipshat,0,9,3,9,0.0,1.0,0.0002690341673392521,-8.220672170297252,8.220672170297252
dlck,0,0,0,0,,,0.0,-inf,inf
dlcks,767,881,533,1648,0.4654126213592233,0.5345873786407767,0.04779840373060712,-3.040763034799517,3.040763034799517
dogsh1t,175,167,109,342,0.5116959064327485,0.48830409356725146,0.009774908079992825,-4.627936576736218,4.627936576736218
dogshit,1,2,1,3,0.3333333333333333,0.6666666666666666,8.96780557797507e-05,-9.319284458965361,9.319284458965361
dolt,0,0,0,0,,,0.0,-inf,inf
doosh,96,112,67,208,0.46153846153846156,0.5384615384615384,0.006008429737243297,-5.114591839574396,5.114591839574396
dothead,0,0,0,0,,,0.0,-inf,inf
douche,0,0,0,0,,,0.0,-inf,inf
f0ck,0,0,0,0,,,0.0,-inf,inf
f0cked,0,0,0,0,,,0.0,-inf,inf
f0cker,0,0,0,0,,,0.0,-inf,inf
f0ckers,0,0,0,0,,,0.0,-inf,inf
fack,0,0,0,0,,,0.0,-inf,inf
fackuhs,0,0,0,0,,,0.0,-inf,inf
fagbag,0,0,0,0,,,0.0,-inf,inf
faghag,0,0,0,0,,,0.0,-inf,inf
fag0t,0,0,0,0,,,0.0,-inf,inf
faget,0,0,0,0,,,0.0,-inf,inf
fagg0t,0,0,0,0,,,0.0,-inf,inf
faggo,0,0,0,0,,,0.0,-inf,inf
faggots,0,0,0,0,,,0.0,-inf,inf
faggs,0,0,0,0,,,0.0,-inf,inf
faggy,7,129,43,136,0.051470588235294115,0.9485294117647058,0.00385615639852928,-5.5580843432717995,5.5580843432717995
fags,0,0,0,0,,,0.0,-inf,inf
fagshit,0,0,0,0,,,0.0,-inf,inf
fccuker,0,0,0,0,,,0.0,-inf,inf
fck,0,3,1,3,0.0,1.0,8.96780557797507e-05,-9.319284458965361,9.319284458965361
fckyou,0,0,0,0,,,0.0,-inf,inf
fcka,0,0,0,0,,,0.0,-inf,inf
fckahz,0,0,0,0,,,0.0,-inf,inf
fcked,0,0,0,0,,,0.0,-inf,inf
fckedup,0,0,0,0,,,0.0,-inf,inf
fcker,0,0,0,0,,,0.0,-inf,inf
fckin,0,0,0,0,,,0.0,-inf,inf
fcking,0,0,0,0,,,0.0,-inf,inf
Fckk,0,0,0,0,,,0.0,-inf,inf
fckked,27,124,49,151,0.17880794701986755,0.8211920529801324,0.004394224733207784,-5.427464160854735,5.427464160854735
fckking,0,0,0,0,,,0.0,-inf,inf
fcks,0,0,0,0,,,0.0,-inf,inf
fcktard,5,19,8,24,0.20833333333333334,0.7916666666666666,0.0007174244462380056,-7.239842917285526,7.239842917285526
fckyeah,0,0,0,0,,,0.0,-inf,inf
fcuk,208,970,361,1178,0.1765704584040747,0.8234295415959253,0.03237377813649,-3.430406500632481,3.430406500632481
fcuked,0,0,0,0,,,0.0,-inf,inf
fcuker,0,3,1,3,0.0,1.0,8.96780557797507e-05,-9.319284458965361,9.319284458965361
fcukers,0,0,0,0,,,0.0,-inf,inf
fcuking,0,0,0,0,,,0.0,-inf,inf
fcukker,4,8,4,12,0.3333333333333333,0.6666666666666666,0.0003587122231190028,-7.9329900978454715,7.9329900978454715
fcuks,0,3,1,3,0.0,1.0,8.96780557797507e-05,-9.319284458965361,9.319284458965361
fcvking,1,34,11,35,0.02857142857142857,0.9714285714285714,0.0009864586135772577,-6.921389186166992,6.921389186166992
feck,0,0,0,0,,,0.0,-inf,inf
fecker,0,0,0,0,,,0.0,-inf,inf
feg,0,0,0,0,,,0.0,-inf,inf
fick,0,0,0,0,,,0.0,-inf,inf
finger,0,0,0,0,,,0.0,-inf,inf
fkbny,0,0,0,0,,,0.0,-inf,inf
fked,0,0,0,0,,,0.0,-inf,inf
fker,0,0,0,0,,,0.0,-inf,inf
fking,0,0,0,0,,,0.0,-inf,inf
fkings,0,0,0,0,,,0.0,-inf,inf
fkker,0,0,0,0,,,0.0,-inf,inf
flamer,1,26,7,27,0.037037037037037035,0.9629629629629629,0.0006277463904582549,-7.373374309910049,7.373374309910049
flamers,0,3,1,3,0.0,1.0,8.96780557797507e-05,-9.319284458965361,9.319284458965361
focker,1,7,3,8,0.125,0.875,0.0002690341673392521,-8.220672170297252,8.220672170297252
fook,0,0,0,0,,,0.0,-inf,inf
fooker,0,0,0,0,,,0.0,-inf,inf
fookuh,0,0,0,0,,,0.0,-inf,inf
forked,0,0,0,0,,,0.0,-inf,inf
fucc,0,0,0,0,,,0.0,-inf,inf
fucca,0,0,0,0,,,0.0,-inf,inf
fuccers,0,0,0,0,,,0.0,-inf,inf
fuccing,0,0,0,0,,,0.0,-inf,inf
fuccs,0,0,0,0,,,0.0,-inf,inf
Fuck,1,23,8,24,0.041666666666666664,0.9583333333333334,0.0007174244462380056,-7.239842917285526,7.239842917285526
fuckup,1,20,6,21,0.047619047619047616,0.9523809523809523,0.0005380683346785041,-7.527524989737307,7.527524989737307
fuckahs,0,0,0,0,,,0.0,-inf,inf
fuckass,0,17,6,17,0.0,1.0,0.0005380683346785041,-7.527524989737307,7.527524989737307
fuckaz,0,0,0,0,,,0.0,-inf,inf
fuckboy,0,0,0,0,,,0.0,-inf,inf
fuckem,0,0,0,0,,,0.0,-inf,inf
fuckk,0,3,1,3,0.0,1.0,8.96780557797507e-05,-9.319284458965361,9.319284458965361
fuckup,0,0,0,0,,,0.0,-inf,inf
fuckwad,0,0,0,0,,,0.0,-inf,inf
fucs,0,0,0,0,,,0.0,-inf,inf
fucx,2,13,4,15,0.13333333333333333,0.8666666666666667,0.0003587122231190028,-7.9329900978454715,7.9329900978454715
fugged,0,0,0,0,,,0.0,-inf,inf
fugger,0,0,0,0,,,0.0,-inf,inf
fuggerz,0,0,0,0,,,0.0,-inf,inf
fuk1n,0,0,0,0,,,0.0,-inf,inf
fuk1ng,0,0,0,0,,,0.0,-inf,inf
fukcs,0,0,0,0,,,0.0,-inf,inf
fuker,0,0,0,0,,,0.0,-inf,inf
fukin,0,0,0,0,,,0.0,-inf,inf
fuking,0,0,0,0,,,0.0,-inf,inf
fukk,0,0,0,0,,,0.0,-inf,inf
fukka,0,0,0,0,,,0.0,-inf,inf
fukked,0,0,0,0,,,0.0,-inf,inf
fukker,0,0,0,0,,,0.0,-inf,inf
fukkers,5,10,5,15,0.3333333333333333,0.6666666666666666,0.0004483902788987535,-7.709846546531262,7.709846546531262
fukking,3,6,3,9,0.3333333333333333,0.6666666666666666,0.0002690341673392521,-8.220672170297252,8.220672170297252
fukkuh,0,0,0,0,,,0.0,-inf,inf
fuku,801,12135,4028,12936,0.061920222634508346,0.9380797773654916,0.3612232086808358,-1.018259205126909,1.018259205126909
fukwit,0,0,0,0,,,0.0,-inf,inf
funbags,4,11,5,15,0.26666666666666666,0.7333333333333333,0.0004483902788987535,-7.709846546531262,7.709846546531262
fuq,1,2,1,3,0.3333333333333333,0.6666666666666666,8.96780557797507e-05,-9.319284458965361,9.319284458965361
fux,0,0,0,0,,,0.0,-inf,inf
fux0r,0,0,0,0,,,0.0,-inf,inf
fvck,0,0,0,0,,,0.0,-inf,inf
fvcka,0,0,0,0,,,0.0,-inf,inf
fvcker,1,2,1,3,0.3333333333333333,0.6666666666666666,8.96780557797507e-05,-9.319284458965361,9.319284458965361
fvckers,0,0,0,0,,,0.0,-inf,inf
fvckin,0,0,0,0,,,0.0,-inf,inf
fvcking,0,0,0,0,,,0.0,-inf,inf
fvckker,0,0,0,0,,,0.0,-inf,inf
fvckwhi,0,0,0,0,,,0.0,-inf,inf
fxck,0,0,0,0,,,0.0,-inf,inf
fxcked,0,0,0,0,,,0.0,-inf,inf
fxcker,1,2,1,3,0.3333333333333333,0.6666666666666666,8.96780557797507e-05,-9.319284458965361,9.319284458965361
fxcking,0,3,1,3,0.0,1.0,8.96780557797507e-05,-9.319284458965361,9.319284458965361
g0ddamn,0,0,0,0,,,0.0,-inf,inf
gaylord,0,0,0,0,,,0.0,-inf,inf
gaytard,0,0,0,0,,,0.0,-inf,inf
geebag,0,0,0,0,,,0.0,-inf,inf
gowl,0,0,0,0,,,0.0,-inf,inf
greaser,0,0,0,0,,,0.0,-inf,inf
groid,0,0,0,0,,,0.0,-inf,inf
groper,0,0,0,0,,,0.0,-inf,inf
higg3r,0,0,0,0,,,0.0,-inf,inf
higga,0,0,0,0,,,0.0,-inf,inf
higger,0,0,0,0,,,0.0,-inf,inf
higgers,0,0,0,0,,,0.0,-inf,inf
hoar,0,0,0,0,,,0.0,-inf,inf
hoe,0,0,0,0,,,0.0,-inf,inf
hoebag,0,0,0,0,,,0.0,-inf,inf
homos,0,0,0,0,,,0.0,-inf,inf
injun,0,0,0,0,,,0.0,-inf,inf
j3rk,0,0,0,0,,,0.0,-inf,inf
jagoff,0,0,0,0,,,0.0,-inf,inf
jewboy,0,0,0,0,,,0.0,-inf,inf
jiggabu,0,3,1,3,0.0,1.0,8.96780557797507e-05,-9.319284458965361,9.319284458965361
jiggas,0,0,0,0,,,0.0,-inf,inf
jiggs,0,0,0,0,,,0.0,-inf,inf
jigro,2,4,2,6,0.3333333333333333,0.6666666666666666,0.0001793561115595014,-8.626137278405416,8.626137278405416
jizzed,0,28,9,28,0.0,1.0,0.0008071025020177562,-7.122059881629142,7.122059881629142
jizzes,0,0,0,0,,,0.0,-inf,inf
jizzing,0,0,0,0,,,0.0,-inf,inf
jizzy,0,0,0,0,,,0.0,-inf,inf
k1k3,1,8,3,9,0.1111111111111111,0.8888888888888888,0.0002690341673392521,-8.220672170297252,8.220672170297252
kikes,0,0,0,0,,,0.0,-inf,inf
klan,2,1,1,3,0.6666666666666666,0.3333333333333333,8.96780557797507e-05,-9.319284458965361,9.319284458965361
knob,0,0,0,0,,,0.0,-inf,inf
knob3d,0,0,0,0,,,0.0,-inf,inf
knob3nd,0,0,0,0,,,0.0,-inf,inf
knobd,0,0,0,0,,,0.0,-inf,inf
knobe,0,0,0,0,,,0.0,-inf,inf
knobead,0,0,0,0,,,0.0,-inf,inf
knobed,0,3,1,3,0.0,1.0,8.96780557797507e-05,-9.319284458965361,9.319284458965361
knobeds,0,0,0,0,,,0.0,-inf,inf
knobend,0,0,0,0,,,0.0,-inf,inf
knober,0,0,0,0,,,0.0,-inf,inf
knobes,0,0,0,0,,,0.0,-inf,inf
l3itch,0,0,0,0,,,0.0,-inf,inf
ladboys,0,0,0,0,,,0.0,-inf,inf
ladboyz,0,0,0,0,,,0.0,-inf,inf
ladiboy,0,3,1,3,0.0,1.0,8.96780557797507e-05,-9.319284458965361,9.319284458965361
ladyb0i,0,0,0,0,,,0.0,-inf,inf
ladyb0y,0,5,2,5,0.0,1.0,0.0001793561115595014,-8.626137278405416,8.626137278405416
ladyboy,0,0,0,0,,,0.0,-inf,inf
m0f0,0,0,0,0,,,0.0,-inf,inf
m0f0s,5,13,6,18,0.2777777777777778,0.7222222222222222,0.0005380683346785041,-7.527524989737307,7.527524989737307
m0fo,0,0,0,0,,,0.0,-inf,inf
m0foes,0,0,0,0,,,0.0,-inf,inf
m0fos,0,0,0,0,,,0.0,-inf,inf
manseed,0,0,0,0,,,0.0,-inf,inf
mfckers,0,0,0,0,,,0.0,-inf,inf
MFer,395,1569,601,1964,0.20112016293279023,0.7988798370672098,0.05389651152363017,-2.9206895244301543,2.9206895244301543
MFers,0,0,0,0,,,0.0,-inf,inf
mfing,0,0,0,0,,,0.0,-inf,inf
mfk,0,0,0,0,,,0.0,-inf,inf
mfs,45,243,97,288,0.15625,0.84375,0.008698771410635818,-4.744573480461979,4.744573480461979
mfukk,0,15,5,15,0.0,1.0,0.0004483902788987535,-7.709846546531262,7.709846546531262
mfukker,0,0,0,0,,,0.0,-inf,inf
mof0es,0,0,0,0,,,0.0,-inf,inf
mof0s,11,77,26,88,0.125,0.875,0.002331629450273518,-6.06118792094388,6.06118792094388
mofcker,0,0,0,0,,,0.0,-inf,inf
mofoes,0,0,0,0,,,0.0,-inf,inf
mofos,0,0,0,0,,,0.0,-inf,inf
mofuck,0,0,0,0,,,0.0,-inf,inf
mofuk,0,0,0,0,,,0.0,-inf,inf
mongrel,0,0,0,0,,,0.0,-inf,inf
n0bhead,0,0,0,0,,,0.0,-inf,inf
n1ckker,0,0,0,0,,,0.0,-inf,inf
n1g3r,0,0,0,0,,,0.0,-inf,inf
n1g3rz,0,4,2,4,0.0,1.0,0.0001793561115595014,-8.626137278405416,8.626137278405416
n1gg3r,0,0,0,0,,,0.0,-inf,inf
n1gg3rs,0,11,3,11,0.0,1.0,0.0002690341673392521,-8.220672170297252,8.220672170297252
n1gga,0,0,0,0,,,0.0,-inf,inf
n1ggah,0,0,0,0,,,0.0,-inf,inf
n1ggahs,0,0,0,0,,,0.0,-inf,inf
n1ggas,0,0,0,0,,,0.0,-inf,inf
n1gger,1,5,2,6,0.16666666666666666,0.8333333333333334,0.0001793561115595014,-8.626137278405416,8.626137278405416
n1ggers,0,0,0,0,,,0.0,-inf,inf
n1gguh,0,0,0,0,,,0.0,-inf,inf
n3gro,1,5,2,6,0.16666666666666666,0.8333333333333334,0.0001793561115595014,-8.626137278405416,8.626137278405416
negga,0,0,0,0,,,0.0,-inf,inf
neggar,0,0,0,0,,,0.0,-inf,inf
negr0,0,0,0,0,,,0.0,-inf,inf
niccer,0,0,0,0,,,0.0,-inf,inf
nicka,0,0,0,0,,,0.0,-inf,inf
nickas,0,0,0,0,,,0.0,-inf,inf
nicker,0,0,0,0,,,0.0,-inf,inf
nickk3r,0,0,0,0,,,0.0,-inf,inf
nickker,0,0,0,0,,,0.0,-inf,inf
niga,0,0,0,0,,,0.0,-inf,inf
nigah,0,0,0,0,,,0.0,-inf,inf
nigers,0,0,0,0,,,0.0,-inf,inf
nigg3r,1,2,1,3,0.3333333333333333,0.6666666666666666,8.96780557797507e-05,-9.319284458965361,9.319284458965361
nigg3rs,0,6,2,6,0.0,1.0,0.0001793561115595014,-8.626137278405416,8.626137278405416
nigg4h,0,3,1,3,0.0,1.0,8.96780557797507e-05,-9.319284458965361,9.319284458965361
nigg4hs,0,0,0,0,,,0.0,-inf,inf
niggahs,0,0,0,0,,,0.0,-inf,inf
niggahz,1,2,1,3,0.3333333333333333,0.6666666666666666,8.96780557797507e-05,-9.319284458965361,9.319284458965361
niggas,0,0,0,0,,,0.0,-inf,inf
niggass,0,0,0,0,,,0.0,-inf,inf
niggerz,0,0,0,0,,,0.0,-inf,inf
niggir,0,0,0,0,,,0.0,-inf,inf
nigguh,0,0,0,0,,,0.0,-inf,inf
nigguhs,0,0,0,0,,,0.0,-inf,inf
nigguhz,6,37,16,43,0.13953488372093023,0.8604651162790697,0.0014348488924760111,-6.546695736725581,6.546695736725581
nignigs,0,0,0,0,,,0.0,-inf,inf
nigs,0,0,0,0,,,0.0,-inf,inf
niguh,5,28,11,33,0.15151515151515152,0.8484848484848485,0.0009864586135772577,-6.921389186166992,6.921389186166992
nikk3r,0,0,0,0,,,0.0,-inf,inf
nikkas,0,0,0,0,,,0.0,-inf,inf
nikker,0,2,1,2,0.0,1.0,8.96780557797507e-05,-9.319284458965361,9.319284458965361
nobhead,0,0,0,0,,,0.0,-inf,inf
nobs,0,3,1,3,0.0,1.0,8.96780557797507e-05,-9.319284458965361,9.319284458965361
nonce,0,0,0,0,,,0.0,-inf,inf
nuckas,0,0,0,0,,,0.0,-inf,inf
nutsack,0,0,0,0,,,0.0,-inf,inf
pedo,0,0,0,0,,,0.0,-inf,inf
pedophl,0,0,0,0,,,0.0,-inf,inf
pedos,0,0,0,0,,,0.0,-inf,inf
pedoz,0,0,0,0,,,0.0,-inf,inf
peen,0,0,0,0,,,0.0,-inf,inf
peener,4,28,8,32,0.125,0.875,0.0007174244462380056,-7.239842917285526,7.239842917285526
phaggot,0,0,0,0,,,0.0,-inf,inf
phagot,3,9,4,12,0.25,0.75,0.0003587122231190028,-7.9329900978454715,7.9329900978454715
phags,0,0,0,0,,,0.0,-inf,inf
phuc,0,0,0,0,,,0.0,-inf,inf
phucc,0,0,0,0,,,0.0,-inf,inf
phuccer,0,0,0,0,,,0.0,-inf,inf
phuck,0,3,1,3,0.0,1.0,8.96780557797507e-05,-9.319284458965361,9.319284458965361
phuck3r,0,0,0,0,,,0.0,-inf,inf
phucked,0,0,0,0,,,0.0,-inf,inf
phucker,0,0,0,0,,,0.0,-inf,inf
phuckin,0,0,0,0,,,0.0,-inf,inf
phucks,0,0,0,0,,,0.0,-inf,inf
phucup,0,6,2,6,0.0,1.0,0.0001793561115595014,-8.626137278405416,8.626137278405416
phukeds,3,45,16,48,0.0625,0.9375,0.0014348488924760111,-6.546695736725581,6.546695736725581
phukk,0,0,0,0,,,0.0,-inf,inf
phukker,0,0,0,0,,,0.0,-inf,inf
phuks,0,0,0,0,,,0.0,-inf,inf
phuku,0,0,0,0,,,0.0,-inf,inf
phukup,2,16,4,18,0.1111111111111111,0.8888888888888888,0.0003587122231190028,-7.9329900978454715,7.9329900978454715
phuqs,0,0,0,0,,,0.0,-inf,inf
pigshit,0,0,0,0,,,0.0,-inf,inf
pricks,0,0,0,0,,,0.0,-inf,inf
pu$sy,13,39,17,52,0.25,0.75,0.001524526948255762,-6.486071114909146,6.486071114909146
punani,0,2,1,2,0.0,1.0,8.96780557797507e-05,-9.319284458965361,9.319284458965361
pusses,6,3,3,9,0.6666666666666666,0.3333333333333333,0.0002690341673392521,-8.220672170297252,8.220672170297252
pussys,0,0,0,0,,,0.0,-inf,inf
puta,49,203,83,252,0.19444444444444445,0.8055555555555556,0.007443278629719307,-4.900443851168764,4.900443851168764
puussy,0,0,0,0,,,0.0,-inf,inf
puzzies,61,614,206,675,0.09037037037037036,0.9096296296296297,0.01847367949062864,-3.991408290175781,3.991408290175781
puzzy,0,0,0,0,,,0.0,-inf,inf
r3tard,0,0,0,0,,,0.0,-inf,inf
ragtard,26,185,66,211,0.12322274881516587,0.8767772511848341,0.005918751681463546,-5.129629716938936,5.129629716938936
rap3d,0,0,0,0,,,0.0,-inf,inf
rap3,0,0,0,0,,,0.0,-inf,inf
ramrod,0,3,1,3,0.0,1.0,8.96780557797507e-05,-9.319284458965361,9.319284458965361
baztad,0,0,0,0,,,0.0,-inf,inf
redskin,0,0,0,0,,,0.0,-inf,inf
retardo,0,0,0,0,,,0.0,-inf,inf
rimjob,0,0,0,0,,,0.0,-inf,inf
sack,0,0,0,0,,,0.0,-inf,inf
sambo,0,0,0,0,,,0.0,-inf,inf
scummy,6,12,6,18,0.3333333333333333,0.6666666666666666,0.0005380683346785041,-7.527524989737307,7.527524989737307
scut,0,0,0,0,,,0.0,-inf,inf
sh1s,2,15,6,17,0.11764705882352941,0.8823529411764706,0.0005380683346785041,-7.527524989737307,7.527524989737307
sh1t,0,0,0,0,,,0.0,-inf,inf
sh1t3,0,0,0,0,,,0.0,-inf,inf
sh1te,3,3,2,6,0.5,0.5,0.0001793561115595014,-8.626137278405416,8.626137278405416
sh1ts,0,0,0,0,,,0.0,-inf,inf
sh1tt,0,0,0,0,,,0.0,-inf,inf
sh1tty,18,66,28,84,0.21428571428571427,0.7857142857142857,0.0025109855618330196,-5.987079948790158,5.987079948790158
sh3mal3,0,0,0,0,,,0.0,-inf,inf
sh3male,0,30,9,30,0.0,1.0,0.0008071025020177562,-7.122059881629142,7.122059881629142
sheeeet,0,0,0,0,,,0.0,-inf,inf
sheet,0,44,15,44,0.0,1.0,0.0013451708366962604,-6.611234257863152,6.611234257863152
shemal3,1,8,3,9,0.1111111111111111,0.8888888888888888,0.0002690341673392521,-8.220672170297252,8.220672170297252
shet,1,2,1,3,0.3333333333333333,0.6666666666666666,8.96780557797507e-05,-9.319284458965361,9.319284458965361
shiat,109,999,344,1108,0.0983754512635379,0.9016245487364621,0.03084925118823424,-3.4786428015919637,3.4786428015919637
shipdit,0,0,0,0,,,0.0,-inf,inf
shit3,7,31,12,38,0.18421052631578946,0.8157894736842105,0.0010761366693570083,-6.8343778091773615,6.8343778091773615
shitass,0,0,0,0,,,0.0,-inf,inf
shitbag,1,2,1,3,0.3333333333333333,0.6666666666666666,8.96780557797507e-05,-9.319284458965361,9.319284458965361
shitdip,0,0,0,0,,,0.0,-inf,inf
shites,0,0,0,0,,,0.0,-inf,inf
shitey,0,0,0,0,,,0.0,-inf,inf
shitfck,73,588,208,661,0.11043872919818457,0.8895612708018155,0.018653035602188145,-3.981746379264044,3.981746379264044
shitfk,0,0,0,0,,,0.0,-inf,inf
shitte,0,0,0,0,,,0.0,-inf,inf
shitti,0,18,6,18,0.0,1.0,0.0005380683346785041,-7.527524989737307,7.527524989737307
shlong,0,0,0,0,,,0.0,-inf,inf
shmale,0,0,0,0,,,0.0,-inf,inf
shtfuk,0,0,0,0,,,0.0,-inf,inf
shylock,0,0,0,0,,,0.0,-inf,inf
skanks,0,0,0,0,,,0.0,-inf,inf
skankz,0,3,1,3,0.0,1.0,8.96780557797507e-05,-9.319284458965361,9.319284458965361
slag,0,0,0,0,,,0.0,-inf,inf
slanty,28,445,154,473,0.05919661733615222,0.9408033826638478,0.013810420590081607,-4.282331856551733,4.282331856551733
slit,0,0,0,0,,,0.0,-inf,inf
soab,0,0,0,0,,,0.0,-inf,inf
spics,0,0,0,0,,,0.0,-inf,inf
spix,0,0,0,0,,,0.0,-inf,inf
stfu,0,0,0,0,,,0.0,-inf,inf
tadger,0,0,0,0,,,0.0,-inf,inf
tart,0,0,0,0,,,0.0,-inf,inf
Tranny,0,3,1,3,0.0,1.0,8.96780557797507e-05,-9.319284458965361,9.319284458965361
twats,0,3,1,3,0.0,1.0,8.96780557797507e-05,-9.319284458965361,9.319284458965361
twatt,1,17,6,18,0.05555555555555555,0.9444444444444444,0.0005380683346785041,-7.527524989737307,7.527524989737307
vag,0,43,16,43,0.0,1.0,0.0014348488924760111,-6.546695736725581,6.546695736725581
w4nk3r,0,0,0,0,,,0.0,-inf,inf
w4nker,0,0,0,0,,,0.0,-inf,inf
wang,0,3,1,3,0.0,1.0,8.96780557797507e-05,-9.319284458965361,9.319284458965361
wank3r,73,117,62,190,0.38421052631578945,0.6157894736842106,0.005560039458344543,-5.192150073920271,5.192150073920271
wank3rs,0,0,0,0,,,0.0,-inf,inf
wanked,0,0,0,0,,,0.0,-inf,inf
wankers,0,0,0,0,,,0.0,-inf,inf
wankies,0,0,0,0,,,0.0,-inf,inf
wanks,0,0,0,0,,,0.0,-inf,inf
we1back,13,69,27,82,0.15853658536585366,0.8414634146341463,0.002421307506053269,-6.023447592961032,6.023447592961032
weiner,0,0,0,0,,,0.0,-inf,inf
wh0r3,0,0,0,0,,,0.0,-inf,inf
wh0re,0,0,0,0,,,0.0,-inf,inf
whoar,0,0,0,0,,,0.0,-inf,inf
whoars,0,0,0,0,,,0.0,-inf,inf
whor3,0,0,0,0,,,0.0,-inf,inf
whores,0,0,0,0,,,0.0,-inf,inf
wnker,0,5,2,5,0.0,1.0,0.0001793561115595014,-8.626137278405416,8.626137278405416
wophead,0,8,3,8,0.0,1.0,0.0002690341673392521,-8.220672170297252,8.220672170297252
jerk,0,0,0,0,,,0.0,-inf,inf
bloody,0,0,0,0,,,0.0,-inf,inf
fuckwit,0,0,0,0,,,0.0,-inf,inf
pisspot,3,0,1,3,1.0,0.0,8.96780557797507e-05,-9.319284458965361,9.319284458965361
scumbag,0,0,0,0,,,0.0,-inf,inf
smegma,0,0,0,0,,,0.0,-inf,inf
lardass,0,0,0,0,,,0.0,-inf,inf
sod,55,551,197,606,0.09075907590759076,0.9092409240924092,0.017666576988610887,-4.036080730227373,4.036080730227373
sodoff,7,26,12,33,0.21212121212121213,0.7878787878787878,0.0010761366693570083,-6.8343778091773615,6.8343778091773615
shyt,1,1,1,2,0.5,0.5,8.96780557797507e-05,-9.319284458965361,9.319284458965361
fkk,1,1,1,2,0.5,0.5,8.96780557797507e-05,-9.319284458965361,9.319284458965361
sht,1,1,1,2,0.5,0.5,8.96780557797507e-05,-9.319284458965361,9.319284458965361
pss,1,1,1,2,0.5,0.5,8.96780557797507e-05,-9.319284458965361,9.319284458965361
btch,1,1,1,2,0.5,0.5,8.96780557797507e-05,-9.319284458965361,9.319284458965361
cck,1,1,1,2,0.5,0.5,8.96780557797507e-05,-9.319284458965361,9.319284458965361
cnt,1,1,1,2,0.5,0.5,8.96780557797507e-05,-9.319284458965361,9.319284458965361
pssy,1,1,1,2,0.5,0.5,8.96780557797507e-05,-9.319284458965361,9.319284458965361
dam,1,1,1,2,0.5,0.5,8.96780557797507e-05,-9.319284458965361,9.319284458965361
dmn,1,1,1,2,0.5,0.5,8.96780557797507e-05,-9.319284458965361,9.319284458965361
bish,1,1,1,2,0.5,0.5,8.96780557797507e-05,-9.319284458965361,9.319284458965361
bzitch,1,1,1,2,0.5,0.5,8.96780557797507e-05,-9.319284458965361,9.319284458965361
p0rn,1,1,1,2,0.5,0.5,8.96780557797507e-05,-9.319284458965361,9.319284458965361
fagit,1,1,1,2,0.5,0.5,8.96780557797507e-05,-9.319284458965361,9.319284458965361
fggt,1,1,1,2,0.5,0.5,8.96780557797507e-05,-9.319284458965361,9.319284458965361
prck,1,1,1,2,0.5,0.5,8.96780557797507e-05,-9.319284458965361,9.319284458965361
ars,1,1,1,2,0.5,0.5,8.96780557797507e-05,-9.319284458965361,9.319284458965361
bstrd,1,1,1,2,0.5,0.5,8.96780557797507e-05,-9.319284458965361,9.319284458965361
fckr,1,1,1,2,0.5,0.5,8.96780557797507e-05,-9.319284458965361,9.319284458965361
fckn,1,1,1,2,0.5,0.5,8.96780557797507e-05,-9.319284458965361,9.319284458965361
dck,1,1,1,2,0.5,0.5,8.96780557797507e-05,-9.319284458965361,9.319284458965361
prckr,1,1,1,2,0.5,0.5,8.96780557797507e-05,-9.319284458965361,9.319284458965361
knt,1,1,1,2,0.5,0.5,8.96780557797507e-05,-9.319284458965361,9.319284458965361
cnnt,1,1,1,2,0.5,0.5,8.96780557797507e-05,-9.319284458965361,9.319284458965361
cumface,1,1,1,2,0.5,0.5,8.96780557797507e-05,-9.319284458965361,9.319284458965361
cumhole,1,1,1,2,0.5,0.5,8.96780557797507e-05,-9.319284458965361,9.319284458965361
slutbag,1,1,1,2,0.5,0.5,8.96780557797507e-05,-9.319284458965361,9.319284458965361
gooch,1,1,1,2,0.5,0.5,8.96780557797507e-05,-9.319284458965361,9.319284458965361
nutjob,1,1,1,2,0.5,0.5,8.96780557797507e-05,-9.319284458965361,9.319284458965361
numpty,1,1,1,2,0.5,0.5,8.96780557797507e-05,-9.319284458965361,9.319284458965361
twit,1,1,1,2,0.5,0.5,8.96780557797507e-05,-9.319284458965361,9.319284458965361
twunt,1,1,1,2,0.5,0.5,8.96780557797507e-05,-9.319284458965361,9.319284458965361
trollop,1,1,1,2,0.5,0.5,8.96780557797507e-05,-9.319284458965361,9.319284458965361
scrote,1,1,1,2,0.5,0.5,8.96780557797507e-05,-9.319284458965361,9.319284458965361
cumrag,1,1,1,2,0.5,0.5,8.96780557797507e-05,-9.319284458965361,9.319284458965361
pissrag,1,1,1,2,0.5,0.5,8.96780557797507e-05,-9.319284458965361,9.319284458965361
cumdump,1,1,1,2,0.5,0.5,8.96780557797507e-05,-9.319284458965361,9.319284458965361
fucknut,1,1,1,2,0.5,0.5,8.96780557797507e-05,-9.319284458965361,9.319284458965361
abid,1,1,1,2,0.5,0.5,8.96780557797507e-05,-9.319284458965361,9.319284458965361
Arabian,1,1,1,2,0.5,0.5,8.96780557797507e-05,-9.319284458965361,9.319284458965361
armo,1,1,1,2,0.5,0.5,8.96780557797507e-05,-9.319284458965361,9.319284458965361
aseng,1,1,1,2,0.5,0.5,8.96780557797507e-05,-9.319284458965361,9.319284458965361
banana,1,1,1,2,0.5,0.5,8.96780557797507e-05,-9.319284458965361,9.319284458965361
brownie,1,1,1,2,0.5,0.5,8.96780557797507e-05,-9.319284458965361,9.319284458965361
chotara,1,1,1,2,0.5,0.5,8.96780557797507e-05,-9.319284458965361,9.319284458965361
kyotara,1,1,1,2,0.5,0.5,8.96780557797507e-05,-9.319284458965361,9.319284458965361
chukhna,1,1,1,2,0.5,0.5,8.96780557797507e-05,-9.319284458965361,9.319284458965361
churka,1,1,1,2,0.5,0.5,8.96780557797507e-05,-9.319284458965361,9.319284458965361
coconut,1,1,1,2,0.5,0.5,8.96780557797507e-05,-9.319284458965361,9.319284458965361
cracker,1,1,1,2,0.5,0.5,8.96780557797507e-05,-9.319284458965361,9.319284458965361
crucco,1,1,1,2,0.5,0.5,8.96780557797507e-05,-9.319284458965361,9.319284458965361
descent,1,1,1,2,0.5,0.5,8.96780557797507e-05,-9.319284458965361,9.319284458965361
dogun,1,1,1,2,0.5,0.5,8.96780557797507e-05,-9.319284458965361,9.319284458965361
eyetie,1,1,1,2,0.5,0.5,8.96780557797507e-05,-9.319284458965361,9.319284458965361
fenian,1,1,1,2,0.5,0.5,8.96780557797507e-05,-9.319284458965361,9.319284458965361
flip,1,1,1,2,0.5,0.5,8.96780557797507e-05,-9.319284458965361,9.319284458965361
fritz,1,1,1,2,0.5,0.5,8.96780557797507e-05,-9.319284458965361,9.319284458965361
gabacho,1,1,1,2,0.5,0.5,8.96780557797507e-05,-9.319284458965361,9.319284458965361
gaijin,1,1,1,2,0.5,0.5,8.96780557797507e-05,-9.319284458965361,9.319284458965361
gammon,1,1,1,2,0.5,0.5,8.96780557797507e-05,-9.319284458965361,9.319284458965361
godon,1,1,1,2,0.5,0.5,8.96780557797507e-05,-9.319284458965361,9.319284458965361
gub,1,1,1,2,0.5,0.5,8.96780557797507e-05,-9.319284458965361,9.319284458965361
guiri,1,1,1,2,0.5,0.5,8.96780557797507e-05,-9.319284458965361,9.319284458965361
guido,1,1,1,2,0.5,0.5,8.96780557797507e-05,-9.319284458965361,9.319284458965361
guinea,1,1,1,2,0.5,0.5,8.96780557797507e-05,-9.319284458965361,9.319284458965361
gusano,1,1,1,2,0.5,0.5,8.96780557797507e-05,-9.319284458965361,9.319284458965361
gweilo,1,1,1,2,0.5,0.5,8.96780557797507e-05,-9.319284458965361,9.319284458965361
gwer,1,1,1,2,0.5,0.5,8.96780557797507e-05,-9.319284458965361,9.319284458965361
haji,1,1,1,2,0.5,0.5,8.96780557797507e-05,-9.319284458965361,9.319284458965361
Madrasi,1,1,1,2,0.5,0.5,8.96780557797507e-05,-9.319284458965361,9.319284458965361
mambet,1,1,1,2,0.5,0.5,8.96780557797507e-05,-9.319284458965361,9.319284458965361
mamluk,1,1,1,2,0.5,0.5,8.96780557797507e-05,-9.319284458965361,9.319284458965361
hick,1,1,1,2,0.5,0.5,8.96780557797507e-05,-9.319284458965361,9.319284458965361
honkie,1,1,1,2,0.5,0.5,8.96780557797507e-05,-9.319284458965361,9.319284458965361
hun,1,1,1,2,0.5,0.5,8.96780557797507e-05,-9.319284458965361,9.319284458965361
jerry,1,1,1,2,0.5,0.5,8.96780557797507e-05,-9.319284458965361,9.319284458965361
kalar,1,1,1,2,0.5,0.5,8.96780557797507e-05,-9.319284458965361,9.319284458965361
kalu,1,1,1,2,0.5,0.5,8.96780557797507e-05,-9.319284458965361,9.319284458965361
kalia,1,1,1,2,0.5,0.5,8.96780557797507e-05,-9.319284458965361,9.319284458965361
kallu,1,1,1,2,0.5,0.5,8.96780557797507e-05,-9.319284458965361,9.319284458965361
kebab,1,1,1,2,0.5,0.5,8.96780557797507e-05,-9.319284458965361,9.319284458965361
labas,1,1,1,2,0.5,0.5,8.96780557797507e-05,-9.319284458965361,9.319284458965361
laowai,1,1,1,2,0.5,0.5,8.96780557797507e-05,-9.319284458965361,9.319284458965361
locust,1,1,1,2,0.5,0.5,8.96780557797507e-05,-9.319284458965361,9.319284458965361
mayate,1,1,1,2,0.5,0.5,8.96780557797507e-05,-9.319284458965361,9.319284458965361
mick,1,1,1,2,0.5,0.5,8.96780557797507e-05,-9.319284458965361,9.319284458965361
mocro,1,1,1,2,0.5,0.5,8.96780557797507e-05,-9.319284458965361,9.319284458965361
paddy,1,1,1,2,0.5,0.5,8.96780557797507e-05,-9.319284458965361,9.319284458965361
pancake,1,1,1,2,0.5,0.5,8.96780557797507e-05,-9.319284458965361,9.319284458965361
riots,1,1,1,2,0.5,0.5,8.96780557797507e-05,-9.319284458965361,9.319284458965361
sawney,1,1,1,2,0.5,0.5,8.96780557797507e-05,-9.319284458965361,9.319284458965361
Teague,1,1,1,2,0.5,0.5,8.96780557797507e-05,-9.319284458965361,9.319284458965361
ghetto,1,1,1,2,0.5,0.5,8.96780557797507e-05,-9.319284458965361,9.319284458965361
taig,1,1,1,2,0.5,0.5,8.96780557797507e-05,-9.319284458965361,9.319284458965361
bomber,1,1,1,2,0.5,0.5,8.96780557797507e-05,-9.319284458965361,9.319284458965361
wasian,1,1,1,2,0.5,0.5,8.96780557797507e-05,-9.319284458965361,9.319284458965361
zip,1,1,1,2,0.5,0.5,8.96780557797507e-05,-9.319284458965361,9.319284458965361
